,survey,pond,effort,dry,perm,season,month,year,date,Ajun,Along,Arigomphus lentulus,Arigomphus maxwelli,Bjanata,C_igens,Celithemis_Unidentified,CelithemisA,CelithemisF,CelithemisO,Celithemis elisa,Gomphus lividus,Didymops_transversa,Ebasidans,Eheros,Enalaspersum,Enaldivagans,Enaldubium,Enalgeminatum,Enalsignatum,Enalvesperum,Epitheca_cynosura,Epitheca_princeps,Epitheca_semiaquea,Erythemis,Erythrodiplax,Iposita,Iramburii,Ladona,Lestes_d_australis,Lestes_inaequalis,Lestes_vigilax,N_pentacantha,Nehalennia,Pachydiplax,Pantala,Perithemis_tenera,Plathemis,Sympetrum_ambiguum,Telebasis,Tramea,Libellula
1,1,ANF  1-1,15,N,S,Su,Jul,2008,Jul-08,0,0,0,0,0,0,0,0,0,0,0,0,0,0,0,0,0,0,0,0,0,0,0,12,0,0,0,0,0,0,0,0,0,0,1,1,0,8,0,0,3,0
42,1,ANF 11-1,15,N,S,Su,Jul,2008,Jul-08,0,0,0,0,0,0,0,0,0,0,0,0,0,0,0,0,0,0,0,0,0,0,0,0,0,0,0,0,0,0,0,0,0,0,0,0,0,0,0,0,0,0
83,1,ANF 13-1,15,N,P,Su,Jul,2008,Jul-08,0,0,0,0,0,0,0,0,0,10,0,0,0,0,0,0,0,0,3,0,0,0,0,0,1,0,5,0,0,0,0,0,0,0,0,0,0,1,0,0,3,0
124,1,ANF 13-2,15,N,P,Su,Jul,2008,Jul-08,0,0,0,0,0,0,0,0,0,0,0,0,0,0,0,0,0,0,0,0,0,0,0,0,0,0,0,0,0,0,0,0,0,0,0,0,0,0,0,0,0,0
165,1,ANF 17-1,15,N,P,Su,Jul,2008,Jul-08,0,0,0,0,0,0,0,0,0,0,0,0,0,0,0,0,0,2,0,0,0,0,0,9,0,0,8,0,0,0,0,0,0,0,1,0,0,0,0,0,0,0
206,1,ANF 66-1,15,N,P,Su,Jul,2008,Jul-08,0,0,0,0,0,0,0,0,0,1,0,0,0,0,0,0,0,0,0,0,0,0,0,3,3,0,2,0,0,0,0,0,0,0,1,0,0,0,0,0,0,0
247,1,ANF 67-1,15,N,P,Su,Jul,2008,Jul-08,0,0,0,0,0,0,0,0,0,0,0,0,0,0,0,0,0,0,0,0,0,0,0,0,0,0,0,0,4,0,0,0,0,0,0,0,0,0,0,0,1,0
288,1,ANF 84-1,15,N,P,Su,Jul,2008,Jul-08,0,0,0,0,0,0,0,0,0,4,0,0,0,0,0,0,0,0,0,0,0,0,0,0,0,0,1,0,0,0,0,0,0,0,0,0,0,0,0,0,0,0
329,1,ANF 85-1,15,N,P,Su,Jul,2008,Jul-08,0,0,0,0,0,0,0,0,0,0,0,0,0,0,0,0,0,0,0,0,0,0,0,0,0,0,0,0,0,0,0,0,0,0,0,0,0,0,0,0,0,0
370,1,DC 5,15,N,P,Su,Jul,2008,Jul-08,0,0,0,0,0,0,0,0,0,0,0,0,0,0,0,0,0,0,0,0,0,0,0,0,0,0,0,0,0,0,0,0,0,0,12,0,0,0,0,0,0,4
411,1,DC 6,15,N,P,Su,Jul,2008,Jul-08,0,0,0,0,0,3,0,0,0,0,0,0,0,0,0,0,0,3,1,0,0,0,0,1,1,0,28,0,0,0,0,0,0,0,4,0,0,0,0,0,0,0
452,1,DC 6-1,15,N,S,Su,Jul,2008,Jul-08,0,0,0,0,0,0,0,0,0,0,0,0,0,0,0,0,0,0,0,0,0,0,0,2,0,0,1,0,0,0,0,0,0,0,5,0,0,9,0,0,0,1
493,1,DC 7,15,N,P,Su,Jul,2008,Jul-08,0,0,0,0,0,0,0,0,0,0,0,0,0,0,0,0,0,0,0,0,0,0,0,6,0,0,0,0,0,0,0,0,0,0,3,0,1,0,0,0,0,0
534,1,DC 8,15,N,P,Su,Jul,2008,Jul-08,0,0,0,0,0,0,0,0,0,0,0,4,0,0,0,0,0,0,0,0,0,0,0,4,0,0,0,0,0,0,0,0,0,0,0,0,0,0,0,0,0,0
575,1,DC 8-2,15,N,S,Su,Jul,2008,Jul-08,0,0,0,0,0,0,0,0,0,0,0,0,0,0,0,0,0,0,0,0,0,0,0,0,0,0,0,0,0,0,0,0,0,0,1,0,1,33,0,0,0,0
616,1,DC 10-1,15,N,P,Su,Jul,2008,Jul-08,0,0,0,0,0,0,0,0,0,0,0,0,0,0,0,0,0,1,6,0,0,0,0,6,5,0,15,0,0,0,0,0,0,0,1,0,0,0,0,1,2,0
657,1,DC 13-1,15,N,P,Su,Jul,2008,Jul-08,0,4,0,0,0,0,0,0,0,0,0,1,0,0,0,0,0,6,0,0,0,0,0,11,0,0,0,0,0,0,0,0,0,0,2,0,0,4,0,0,1,3
698,1,DC 15-2,15,N,P,Su,Jul,2008,Jul-08,0,1,0,0,1,0,0,0,0,0,0,0,0,0,0,12,0,0,0,0,0,0,0,6,0,0,3,0,0,0,0,0,0,0,5,0,0,1,0,0,5,0
739,1,DC 15-3,15,N,P,Su,Jul,2008,Jul-08,0,0,0,0,0,0,0,0,0,0,0,0,0,0,0,0,0,0,0,0,0,0,0,0,0,0,0,0,0,0,0,0,0,0,0,0,0,0,0,0,0,0
780,1,DC 17-2,15,N,S,Su,Jul,2008,Jul-08,0,0,0,0,0,0,0,0,0,0,0,1,0,0,0,11,0,0,0,0,0,0,0,0,0,0,0,0,0,0,0,0,0,0,1,0,0,0,0,0,0,0
821,1,DC 18-1,15,N,P,Su,Jul,2008,Jul-08,0,0,0,0,0,0,0,0,0,0,0,0,0,0,0,0,0,0,0,0,0,0,0,2,0,0,0,0,0,0,0,0,0,0,0,0,0,0,0,0,0,0
862,1,DC 19-1,15,N,S,Su,Jul,2008,Jul-08,0,0,0,0,0,0,0,0,0,0,0,0,0,0,0,0,0,0,0,0,0,0,0,2,0,0,0,0,0,0,0,0,0,0,1,0,0,3,0,0,12,1
903,1,DC 19-2,15,N,P,Su,Jul,2008,Jul-08,0,0,0,0,0,0,0,0,0,0,0,0,0,0,0,0,0,1,0,0,0,0,0,1,1,0,9,0,13,0,0,0,0,0,0,0,0,0,0,0,1,3
944,1,DC 29-1,15,N,P,Su,Jul,2008,Jul-08,0,0,0,0,0,0,0,0,0,0,0,0,0,0,0,0,0,0,0,0,1,0,0,0,0,0,0,0,0,0,0,0,0,0,0,0,0,1,0,0,0,0
985,1,DC 29-2,15,N,P,Su,Jul,2008,Jul-08,0,0,0,0,0,0,0,0,0,0,0,0,0,0,0,0,0,0,0,0,0,0,0,7,1,0,3,0,2,0,0,0,0,0,4,0,0,0,0,0,1,1
1026,1,DC 29-4,15,N,P,Su,Jul,2008,Jul-08,0,0,0,0,0,0,0,0,0,0,0,0,0,0,0,0,0,0,6,0,0,0,0,7,0,0,0,0,0,0,0,0,0,0,2,0,1,0,0,0,0,1
1067,1,DC 29-5,NA,Y,T,Su,Jul,2008,Jul-08,0,0,0,0,0,0,0,0,0,0,0,0,0,0,0,0,0,0,0,0,0,0,0,0,0,0,0,0,0,0,0,0,0,0,0,0,0,0,0,0,0,0
1108,1,DC 34-3,15,N,S,Su,Jul,2008,Jul-08,0,4,0,0,0,0,0,0,0,0,0,0,0,0,0,1,0,0,0,0,0,0,0,5,0,0,0,0,5,0,0,0,0,0,1,0,0,0,0,0,11,0
1149,1,DC 36-1,15,N,P,Su,Jul,2008,Jul-08,0,0,0,0,0,0,0,0,0,0,0,0,0,0,0,0,0,3,0,0,0,0,0,4,2,0,2,0,2,0,0,0,0,0,0,0,0,0,0,0,1,0
1190,1,DC 36-2,NA,Y,T,Su,Jul,2008,Jul-08,0,0,0,0,0,0,0,0,0,0,0,0,0,0,0,0,0,0,0,0,0,0,0,0,0,0,0,0,0,0,0,0,0,0,0,0,0,0,0,0,0,0
1231,1,DC 36-3,NA,Y,T,Su,Jul,2008,Jul-08,0,0,0,0,0,0,0,0,0,0,0,0,0,0,0,0,0,0,0,0,0,0,0,0,0,0,0,0,0,0,0,0,0,0,0,0,0,0,0,0,0,0
1272,1,DC 55-1,15,N,S,Su,Jul,2008,Jul-08,0,0,0,0,0,0,0,0,0,0,0,0,0,0,0,0,0,1,0,0,0,0,0,2,3,0,9,0,2,0,0,0,0,0,1,0,0,0,0,0,0,1
1313,1,DC 68-1,15,N,P,Su,Jul,2008,Jul-08,0,0,0,0,0,1,0,0,0,0,0,0,0,0,0,0,0,0,0,0,0,0,0,0,2,0,2,0,2,0,0,0,0,0,1,0,0,0,0,0,0,1
1354,1,DC 76-1,15,N,P,Su,Jul,2008,Jul-08,0,0,0,0,0,0,0,0,0,0,0,0,0,0,0,0,0,1,0,0,0,0,0,6,7,0,4,0,2,0,0,0,1,2,0,0,0,0,0,0,0,0
1395,1,DC 76-2,15,N,P,Su,Jul,2008,Jul-08,0,0,0,0,0,0,0,0,0,0,0,0,0,0,0,0,0,0,3,0,0,0,0,8,0,0,0,0,5,0,0,0,0,0,0,0,0,0,0,0,0,2
1436,1,DC 78-1,15,N,P,Su,Jul,2008,Jul-08,0,0,0,0,0,0,0,0,0,0,0,0,0,0,0,0,0,2,0,0,0,0,0,3,0,0,0,0,0,0,0,0,0,0,1,0,0,0,0,0,0,1
1477,1,DC 81-1,15,N,P,Su,Jul,2008,Jul-08,0,0,0,0,0,0,0,0,0,0,0,0,0,0,0,0,0,0,0,0,0,0,0,9,0,0,0,0,0,0,0,0,0,0,0,0,0,0,0,0,0,0
1518,1,DC 82-1,15,N,P,Su,Jul,2008,Jul-08,1,0,0,0,0,2,0,0,0,1,0,0,0,0,0,0,0,7,0,0,0,0,0,6,1,0,3,0,2,0,0,0,0,0,1,0,0,0,0,0,3,1
1559,1,DC 87-1,15,N,P,Su,Jul,2008,Jul-08,0,0,0,0,0,0,0,0,0,0,0,0,0,0,0,0,0,0,0,0,0,0,0,2,0,0,0,0,4,0,0,0,0,0,1,0,0,0,0,0,0,8
1600,1,DC 94-1,15,N,P,Su,Jul,2008,Jul-08,0,0,0,0,0,0,0,0,0,0,0,0,0,0,0,0,0,0,0,0,0,0,0,0,0,0,2,0,0,0,0,0,0,0,51,0,0,0,0,0,0,9
1641,1,DC101-1,15,N,S,Su,Jul,2008,Jul-08,2,1,0,0,0,0,0,0,0,0,0,0,0,0,0,0,0,0,10,0,0,0,0,0,0,0,0,0,1,0,0,0,0,0,0,2,0,2,0,0,0,0
1682,1,DC108-1,15,N,P,Su,Jul,2008,Jul-08,0,0,0,0,0,0,0,0,0,0,0,0,0,0,0,0,0,1,1,0,0,0,0,1,1,0,18,0,0,0,0,0,0,0,18,0,0,0,0,0,0,0
1723,1,DC114-1,15,N,P,Su,Jul,2008,Jul-08,0,0,0,0,0,0,0,0,0,1,0,0,0,0,0,0,0,5,0,0,0,0,0,4,7,0,2,1,5,0,0,0,0,0,1,0,0,0,0,0,1,5
1764,1,DC114-2,15,N,P,Su,Jul,2008,Jul-08,0,0,0,0,0,0,0,0,0,0,0,1,0,0,0,0,0,0,9,0,0,0,0,4,0,0,2,0,0,0,0,0,0,0,0,0,0,0,0,0,0,3
1805,1,DC114-3,15,N,P,Su,Jul,2008,Jul-08,0,0,0,0,0,0,0,0,0,0,0,0,0,0,0,0,0,0,0,0,0,0,0,0,6,0,3,0,0,0,0,0,0,0,12,0,0,0,0,15,0,0
1846,1,DC115-1,15,N,P,Su,Jul,2008,Jul-08,0,0,0,0,0,0,0,0,0,0,0,0,0,0,0,0,0,0,0,0,0,0,0,0,0,0,0,0,5,0,0,0,0,0,0,0,0,0,0,0,4,2
1887,1,DC116-1,15,N,P,Su,Jul,2008,Jul-08,0,0,0,0,0,0,0,0,0,1,0,2,0,0,0,0,0,0,0,0,0,0,0,0,1,0,3,0,3,0,0,0,0,0,0,0,0,0,0,0,0,2
1928,1,DC120-1,15,N,P,Su,Jul,2008,Jul-08,0,0,0,0,0,0,0,0,0,0,0,1,0,0,0,0,0,0,0,0,0,0,0,0,2,0,4,0,3,0,0,0,0,0,2,0,0,0,0,2,0,1
1969,1,DC121-1,15,N,S,Su,Jul,2008,Jul-08,0,0,0,0,0,0,0,0,0,0,0,0,0,0,0,0,0,0,0,0,0,0,0,0,14,0,1,0,0,0,0,0,0,0,3,0,0,0,0,0,0,0
2010,2,ANF  1-1,15,N,S,F,Oct,2008,Oct-08,0,0,0,0,0,0,0,0,0,0,0,0,0,0,0,0,0,0,0,0,0,0,0,5,0,0,0,0,0,0,0,0,0,0,0,2,0,1,0,0,0,15
2051,2,ANF 11-1,15,N,S,F,Oct,2008,Oct-08,0,0,0,0,0,0,0,0,0,0,0,0,0,0,0,0,0,0,0,0,0,0,0,0,0,0,0,0,0,0,0,0,0,0,0,0,0,0,0,0,0,0
2092,2,ANF 13-1,15,N,P,F,Oct,2008,Oct-08,1,0,0,0,0,0,0,0,27,0,0,1,0,0,0,0,1,0,0,2,0,0,0,7,6,0,1,0,0,0,0,0,2,0,0,0,0,0,0,0,2,22
2133,2,ANF 13-2,15,N,P,F,Oct,2008,Oct-08,0,0,0,0,0,0,0,0,0,0,0,0,0,0,0,0,0,0,0,0,0,0,0,0,0,0,0,0,0,0,0,0,0,0,0,0,0,0,0,0,0,9
2174,2,ANF 17-1,15,N,P,F,Oct,2008,Oct-08,0,0,0,0,0,0,0,0,1,0,0,0,0,0,0,0,0,0,0,0,0,0,0,24,0,0,0,0,0,0,0,0,0,0,4,0,0,0,0,0,0,7
2215,2,ANF 66-1,15,N,P,F,Oct,2008,Oct-08,0,0,0,0,0,0,0,0,13,0,0,0,0,0,0,0,0,0,0,0,0,0,0,3,5,0,1,0,1,0,0,0,0,0,0,0,0,0,0,0,0,2
2256,2,ANF 67-1,15,N,P,F,Oct,2008,Oct-08,0,0,0,0,0,0,0,0,10,0,0,0,0,0,0,0,0,0,0,0,0,0,0,7,0,0,1,0,6,0,0,0,0,0,0,0,0,0,0,0,3,1
2297,2,ANF 84-1,15,N,P,F,Oct,2008,Oct-08,0,0,0,0,0,0,0,0,0,11,0,0,0,0,0,0,0,0,0,0,0,0,0,0,0,1,0,0,0,0,0,0,0,0,0,0,0,0,0,0,0,1
2338,2,ANF 85-1,15,N,P,F,Oct,2008,Oct-08,0,0,0,0,0,0,0,0,0,0,0,1,0,0,0,0,0,0,0,0,0,0,0,0,1,0,0,0,0,0,0,0,0,0,0,0,0,0,0,0,0,3
2379,2,DC 5,15,N,P,F,Oct,2008,Oct-08,0,0,0,0,0,0,0,0,0,0,0,0,0,0,0,0,0,0,0,0,0,0,0,0,0,0,0,0,0,0,0,0,1,0,14,0,0,0,0,0,0,5
2420,2,DC 6,15,N,P,F,Oct,2008,Oct-08,1,0,0,0,0,0,0,0,0,0,0,0,0,0,0,0,1,0,0,0,0,0,0,5,3,0,5,0,0,0,0,0,0,0,12,0,0,0,0,0,0,4
2461,2,DC 6-1,15,N,S,F,Oct,2008,Oct-08,0,0,0,0,0,0,0,0,0,0,0,0,0,0,0,0,0,0,0,0,0,0,0,1,0,0,0,0,0,0,0,0,0,0,1,2,0,11,0,0,0,1
2502,2,DC 7,15,N,P,F,Oct,2008,Oct-08,0,0,0,0,0,0,0,0,0,0,0,0,0,0,0,0,0,0,0,0,0,0,0,9,0,0,0,0,0,0,0,0,0,0,9,0,0,0,0,0,0,6
2543,2,DC 8,15,N,P,F,Oct,2008,Oct-08,1,0,0,0,1,0,0,0,0,0,0,3,0,0,0,0,3,0,0,1,0,0,0,2,2,0,0,0,0,0,0,0,1,0,0,0,0,0,0,0,0,3
2584,2,DC 8-2,15,N,S,F,Oct,2008,Oct-08,5,0,0,0,0,0,0,0,0,0,0,0,0,0,0,0,0,0,0,0,0,0,0,0,0,0,0,0,0,0,0,0,0,0,1,0,0,4,0,0,0,0
2625,2,DC 10-1,15,N,P,F,Oct,2008,Oct-08,0,0,0,0,0,0,0,0,0,0,0,0,0,0,0,0,0,0,1,0,0,0,0,2,4,0,0,0,0,0,0,0,0,0,4,0,0,0,0,0,0,11
2666,2,DC 13-1,15,N,P,F,Oct,2008,Oct-08,1,3,0,0,0,0,0,0,0,0,0,0,0,0,0,0,0,0,0,0,0,0,0,1,1,0,0,0,0,0,0,0,0,0,0,0,0,3,0,0,12,2
2707,2,DC 15-2,15,N,P,F,Oct,2008,Oct-08,0,0,0,0,0,0,0,0,0,0,0,0,0,0,0,4,0,0,0,0,0,0,0,4,1,0,0,0,0,0,0,0,0,0,1,0,0,0,0,0,3,13
2748,2,DC 15-3,15,N,P,F,Oct,2008,Oct-08,0,0,0,0,0,0,0,0,30,0,0,1,0,0,0,0,5,0,0,5,0,0,0,1,0,0,0,0,0,0,0,0,0,0,0,0,0,0,0,0,0,1
2789,2,DC 17-2,15,N,S,F,Oct,2008,Oct-08,5,0,0,0,0,0,0,0,0,0,0,0,0,0,0,0,0,0,0,0,0,0,0,0,0,0,0,0,0,0,0,0,0,0,1,0,0,0,0,0,0,3
2830,2,DC 18-1,15,N,P,F,Oct,2008,Oct-08,0,0,0,0,0,0,0,0,0,0,0,0,0,0,0,0,0,0,0,0,0,1,0,17,0,0,4,0,0,0,0,0,0,0,6,0,0,0,0,0,0,0
2871,2,DC 19-1,15,N,S,F,Oct,2008,Oct-08,15,0,0,0,0,0,0,0,0,0,0,0,0,0,0,0,0,0,0,0,0,0,0,0,0,0,1,0,0,0,0,0,0,0,5,2,0,0,0,0,3,3
2912,2,DC 19-2,15,N,P,F,Oct,2008,Oct-08,0,0,0,0,0,0,0,0,14,0,0,0,0,0,0,0,8,0,2,4,0,0,0,5,0,0,1,0,0,0,0,0,0,0,0,0,0,0,0,0,0,1
2953,2,DC 29-1,15,N,P,F,Oct,2008,Oct-08,0,0,0,0,0,0,0,0,5,0,0,0,0,0,0,0,0,0,0,2,0,0,0,14,0,0,0,0,2,0,0,0,0,0,0,0,0,0,0,0,0,4
2994,2,DC 29-2,15,N,P,F,Oct,2008,Oct-08,0,0,0,0,0,0,0,0,0,0,0,0,0,0,0,0,4,0,0,0,0,0,0,5,1,0,2,0,0,0,0,0,0,0,0,0,0,0,0,0,0,0
3035,2,DC 29-4,15,N,P,F,Oct,2008,Oct-08,0,0,0,0,1,0,0,0,0,0,0,0,0,0,0,0,1,0,0,0,0,2,0,14,0,0,0,0,0,0,0,0,2,0,2,0,0,0,0,0,0,2
3076,2,DC 29-5,15,N,T,F,Oct,2008,Oct-08,5,0,0,0,0,0,0,0,0,0,0,0,0,0,0,0,0,0,0,0,0,0,0,0,0,0,0,0,0,0,0,0,0,0,5,3,0,0,0,0,0,1
3117,2,DC 34-3,15,N,S,F,Oct,2008,Oct-08,0,3,0,0,0,0,0,0,0,0,0,0,0,0,0,2,0,0,0,0,0,0,0,1,0,0,0,0,3,0,0,0,0,0,0,4,0,0,0,0,4,0
3158,2,DC 36-1,15,N,P,F,Oct,2008,Oct-08,2,0,0,0,0,0,0,0,1,0,0,1,0,0,0,0,4,0,0,0,0,0,0,6,10,0,1,0,0,0,0,0,0,0,3,0,0,0,0,0,0,2
3199,2,DC 36-2,15,N,T,F,Oct,2008,Oct-08,4,0,0,0,0,0,0,0,0,0,0,0,0,0,0,0,0,0,0,0,0,0,0,0,0,0,0,0,0,0,0,0,0,0,15,1,0,0,0,0,0,3
3240,2,DC 36-3,15,N,T,F,Oct,2008,Oct-08,0,0,0,0,0,0,0,0,0,0,0,0,0,0,0,0,0,0,0,0,0,0,0,0,0,0,0,0,0,0,0,0,0,0,0,1,0,0,0,0,0,0
3281,2,DC 55-1,15,N,S,F,Oct,2008,Oct-08,0,0,0,0,0,0,0,0,3,0,0,0,0,0,0,0,0,0,0,0,0,0,0,4,3,0,0,0,2,0,0,0,0,0,2,0,0,0,0,0,0,2
3322,2,DC 68-1,15,N,P,F,Oct,2008,Oct-08,2,0,0,0,0,0,0,0,0,0,0,0,0,0,0,0,0,0,0,3,0,0,0,1,13,2,0,0,3,0,0,0,0,0,2,0,0,0,0,0,0,4
3363,2,DC 76-1,15,N,P,F,Oct,2008,Oct-08,0,0,0,0,0,0,0,0,2,0,0,1,0,0,0,0,0,0,0,0,0,0,0,13,3,0,0,0,4,0,0,0,0,0,0,0,0,0,0,0,0,4
3404,2,DC 76-2,15,N,P,F,Oct,2008,Oct-08,0,0,0,1,0,0,0,0,1,0,0,0,0,0,0,0,0,0,0,0,0,0,0,2,0,0,0,0,1,0,0,0,0,0,1,0,0,0,0,0,0,1
3445,2,DC 78-1,15,N,P,F,Oct,2008,Oct-08,0,0,0,0,0,0,0,0,2,0,0,0,0,0,0,0,0,0,0,0,0,0,0,8,0,0,0,0,0,0,0,0,0,0,0,0,0,0,0,0,0,6
3486,2,DC 81-1,15,N,P,F,Oct,2008,Oct-08,0,0,0,0,0,0,0,0,0,0,0,3,0,0,0,0,0,0,0,0,0,0,0,8,0,0,0,0,0,0,0,0,0,0,0,0,0,0,0,0,0,2
3527,2,DC 82-1,15,N,P,F,Oct,2008,Oct-08,0,0,0,0,0,0,0,0,4,0,0,0,0,0,0,0,0,0,0,0,0,0,0,10,3,0,1,0,0,0,0,0,0,0,0,0,0,0,0,0,0,0
3568,2,DC 87-1,15,N,P,F,Oct,2008,Oct-08,0,0,0,0,0,0,0,0,0,0,0,0,0,0,0,0,0,0,0,0,0,0,0,4,0,0,1,0,7,0,0,0,0,0,4,0,0,0,0,0,0,15
3609,2,DC 94-1,15,N,P,F,Oct,2008,Oct-08,1,0,0,0,0,0,0,0,0,0,0,0,0,0,0,0,0,0,0,0,0,0,0,0,0,0,0,0,0,0,0,0,0,0,19,0,0,0,0,0,0,7
3650,2,DC101-1,15,N,S,F,Oct,2008,Oct-08,2,2,0,0,0,0,0,0,0,0,0,0,0,0,0,0,0,0,0,0,0,0,0,0,0,0,0,0,0,0,0,0,0,0,1,0,0,1,0,0,3,0
3691,2,DC108-1,15,N,P,F,Oct,2008,Oct-08,9,0,0,0,0,0,0,0,0,0,0,0,0,0,0,0,0,0,0,0,0,0,0,1,4,0,1,0,0,0,0,0,0,0,17,0,0,0,0,0,0,2
3732,2,DC114-1,15,N,P,F,Oct,2008,Oct-08,1,0,0,0,0,0,0,0,3,0,0,0,0,0,0,0,0,0,0,1,0,0,0,5,4,1,1,0,2,0,0,0,0,0,0,0,0,0,0,0,0,10
3773,2,DC114-2,15,N,P,F,Oct,2008,Oct-08,0,0,0,0,0,0,0,0,0,0,0,0,0,0,0,0,3,0,0,0,0,0,0,8,1,0,0,0,0,0,0,0,0,0,1,0,0,0,0,0,0,1
3814,2,DC114-3,15,N,P,F,Oct,2008,Oct-08,0,0,0,0,0,0,0,0,0,0,0,0,0,0,0,0,0,0,0,0,0,0,0,0,6,0,6,0,0,0,0,0,0,0,2,0,0,0,0,3,0,3
3855,2,DC115-1,15,N,P,F,Oct,2008,Oct-08,0,0,0,0,0,0,0,0,10,0,0,0,0,0,0,0,0,0,0,0,0,0,0,4,2,1,0,0,4,0,0,0,0,0,0,0,0,0,0,0,0,4
3896,2,DC116-1,15,N,P,F,Oct,2008,Oct-08,0,0,0,0,0,0,0,0,11,0,0,0,0,0,0,0,1,0,0,0,0,0,0,4,0,1,0,0,0,0,0,0,0,0,0,0,0,0,0,0,0,0
3937,2,DC120-1,15,N,P,F,Oct,2008,Oct-08,0,0,0,0,0,0,0,0,0,0,0,0,0,0,0,0,0,0,0,0,0,0,0,0,0,0,0,0,0,0,0,0,0,0,0,0,0,0,0,0,0,0
3978,2,DC121-1,15,N,S,F,Oct,2008,Oct-08,0,0,0,0,0,0,0,0,0,0,0,0,0,0,0,0,0,0,0,0,0,0,0,0,0,0,0,0,0,0,0,0,0,0,0,0,0,0,0,0,0,0
4019,3,ANF  1-1,20,N,S,W,Feb,2009,Feb-09,1,0,0,0,0,0,0,0,0,0,0,0,0,0,0,0,0,0,1,0,0,0,0,5,0,0,6,0,0,0,0,0,0,0,0,0,0,0,0,0,0,8
4060,3,ANF 11-1,20,N,S,W,Feb,2009,Feb-09,0,0,0,0,0,0,0,0,0,0,0,0,0,0,0,0,0,0,0,1,0,0,0,0,0,0,0,0,0,0,0,0,0,0,0,0,0,0,0,0,0,0
4101,3,ANF 13-1,20,N,P,W,Feb,2009,Feb-09,0,0,0,0,0,0,0,0,15,0,0,0,0,0,0,0,0,0,4,8,0,0,0,0,2,0,0,0,0,0,0,0,0,0,0,0,0,0,0,0,0,1
4142,3,ANF 13-2,20,N,P,W,Feb,2009,Feb-09,0,0,0,0,0,0,0,0,0,0,0,0,0,0,1,0,0,0,0,0,0,0,0,0,0,0,0,0,0,0,1,0,0,0,0,0,0,0,0,0,0,1
4183,3,ANF 17-1,20,N,P,W,Feb,2009,Feb-09,0,0,0,0,0,0,0,0,2,0,0,0,0,0,0,0,0,0,0,3,0,0,0,16,2,0,2,0,0,0,0,0,0,0,2,0,4,0,0,0,0,0
4224,3,ANF 66-1,20,N,P,W,Feb,2009,Feb-09,0,0,0,0,0,0,0,0,8,0,0,0,0,0,0,0,5,0,0,0,0,0,0,3,3,0,0,0,1,0,0,0,0,0,0,0,0,0,0,0,0,0
4265,3,ANF 67-1,20,N,P,W,Feb,2009,Feb-09,1,0,0,0,0,0,0,0,14,1,0,0,0,0,0,0,0,0,0,1,0,0,0,7,2,0,0,0,5,0,0,0,0,0,0,0,0,0,0,0,0,1
4306,3,ANF 84-1,20,N,P,W,Feb,2009,Feb-09,0,0,0,0,0,0,0,0,0,4,0,0,0,0,0,0,0,0,0,0,0,0,0,0,0,0,0,0,0,0,0,0,0,0,0,0,0,0,0,0,0,1
4347,3,ANF 85-1,20,N,P,W,Feb,2009,Feb-09,0,0,0,0,0,0,0,0,3,0,0,0,0,0,0,0,0,0,0,0,0,0,0,0,0,0,1,0,0,0,0,0,0,0,0,0,0,0,0,0,0,1
4388,3,DC 5,10,N,P,W,Feb,2009,Feb-09,0,0,0,0,0,0,0,0,0,0,0,0,0,0,0,0,0,0,0,0,0,0,0,0,0,0,0,0,0,0,0,0,0,0,4,0,0,0,0,0,0,1
4429,3,DC 6,10,N,P,W,Feb,2009,Feb-09,2,0,0,0,0,0,0,0,0,0,0,0,0,0,0,0,0,0,1,0,0,0,0,5,3,0,0,0,0,0,0,0,0,0,3,0,0,0,0,0,2,15
4470,3,DC 6-1,10,N,S,W,Feb,2009,Feb-09,0,0,0,0,0,0,0,0,0,0,0,0,0,0,0,0,0,0,0,0,0,0,0,2,0,0,0,0,0,0,0,0,0,0,3,0,0,0,0,0,0,0
4511,3,DC 7,10,N,P,W,Feb,2009,Feb-09,0,0,0,0,0,0,0,0,0,0,0,0,0,0,0,0,0,0,0,0,0,0,0,5,0,0,0,0,0,0,0,0,0,0,2,0,0,0,0,0,0,0
4552,3,DC 8,10,N,P,W,Feb,2009,Feb-09,1,0,0,0,0,0,0,0,0,0,0,0,0,0,0,0,0,0,0,0,0,0,0,1,0,0,4,0,1,0,0,0,0,0,0,0,0,0,0,0,0,0
4593,3,DC 8-2,10,N,S,W,Feb,2009,Feb-09,1,0,0,0,0,0,0,0,0,0,0,0,0,0,0,0,0,0,0,0,0,0,0,0,0,0,0,0,0,0,0,0,0,0,1,0,0,1,0,0,0,0
4634,3,DC 10-1,10,N,P,W,Feb,2009,Feb-09,0,0,0,0,0,0,0,0,0,0,0,0,0,0,0,0,0,0,3,0,0,0,0,2,4,0,4,0,0,0,0,0,0,0,3,0,0,0,0,0,1,7
4675,3,DC 13-1,10,N,P,W,Feb,2009,Feb-09,0,3,0,0,0,0,0,0,0,0,0,0,0,0,0,0,0,0,0,0,0,0,0,7,1,0,0,0,0,0,0,0,0,0,0,0,0,4,0,0,5,0
4716,3,DC 15-2,10,N,P,W,Feb,2009,Feb-09,0,0,0,0,0,0,0,0,0,0,0,0,0,0,0,15,0,0,0,0,0,0,0,0,0,0,1,0,0,0,0,0,0,0,3,0,0,0,0,0,1,1
4757,3,DC 15-3,10,N,P,W,Feb,2009,Feb-09,1,0,0,0,0,0,0,0,4,0,0,0,0,0,0,0,1,0,0,0,1,0,0,2,0,0,1,0,1,0,3,0,0,0,0,0,0,0,0,0,0,0
4798,3,DC 17-2,10,N,S,W,Feb,2009,Feb-09,1,0,0,0,0,0,0,0,0,0,0,0,0,0,0,3,0,0,0,0,0,0,0,0,0,0,0,0,0,0,0,0,0,0,3,0,0,0,0,0,0,0
4839,3,DC 18-1,10,N,P,W,Feb,2009,Feb-09,0,0,0,0,0,0,0,0,0,0,0,0,0,0,0,0,0,0,0,0,0,0,0,9,0,0,0,0,0,0,0,0,0,0,0,0,0,0,0,0,0,2
4880,3,DC 19-1,10,N,S,W,Feb,2009,Feb-09,14,0,0,0,0,0,0,0,0,0,0,0,0,0,0,0,0,0,0,0,0,0,0,0,0,0,7,0,0,0,0,0,0,0,14,0,0,0,0,0,1,4
4921,3,DC 19-2,10,N,P,W,Feb,2009,Feb-09,0,0,0,0,0,0,0,0,0,0,0,0,0,0,0,0,17,0,13,4,0,0,0,2,0,0,2,0,2,0,0,0,0,0,1,0,0,0,0,0,0,0
4962,3,DC 29-1,10,N,P,W,Feb,2009,Feb-09,0,0,0,0,0,0,0,0,4,0,0,0,0,0,0,0,14,0,0,0,5,0,0,4,0,0,0,0,1,0,0,0,0,0,0,0,0,0,0,0,0,1
5003,3,DC 29-2,10,N,P,W,Feb,2009,Feb-09,0,0,0,0,0,0,0,0,0,0,0,0,0,0,0,0,4,0,0,0,0,0,0,1,2,0,9,0,5,0,0,0,0,0,11,0,0,0,0,0,0,0
5044,3,DC 29-4,10,N,P,W,Feb,2009,Feb-09,0,0,0,0,0,0,0,0,0,0,0,0,0,0,0,0,3,0,0,1,0,0,0,4,1,0,3,0,0,0,1,0,0,0,4,0,0,0,0,0,0,0
5085,3,DC 29-5,NA,Y,T,W,Feb,2009,Feb-09,0,0,0,0,0,0,0,0,0,0,0,0,0,0,0,0,0,0,0,0,0,0,0,0,0,0,0,0,0,0,0,0,0,0,0,0,0,0,0,0,0,0
5126,3,DC 34-3,10,N,S,W,Feb,2009,Feb-09,0,1,0,0,0,0,0,0,0,0,0,0,0,0,0,5,0,0,0,0,0,0,0,1,0,0,0,0,2,0,0,0,0,0,1,0,0,0,0,0,9,0
5167,3,DC 36-1,10,N,P,W,Feb,2009,Feb-09,0,0,0,0,0,0,0,0,0,0,0,0,0,0,0,0,13,0,0,0,0,0,0,3,6,0,4,0,2,0,0,0,0,0,7,0,0,0,0,0,1,7
5208,3,DC 36-2,10,N,T,W,Feb,2009,Feb-09,0,0,0,0,0,0,0,0,0,0,0,0,0,0,4,0,0,0,0,0,0,0,0,0,0,0,0,0,0,0,0,0,0,0,3,0,0,0,0,0,0,2
5249,3,DC 36-3,10,N,T,W,Feb,2009,Feb-09,0,0,0,0,0,0,0,0,0,0,0,0,0,0,0,0,0,0,0,0,0,0,0,0,0,0,0,0,0,0,0,0,0,0,0,0,0,0,0,0,0,0
5290,3,DC 55-1,10,N,S,W,Feb,2009,Feb-09,0,0,0,0,0,0,0,0,1,1,0,0,0,0,0,0,0,0,0,0,0,0,0,1,0,0,3,0,3,0,0,0,0,0,3,0,0,0,0,0,0,4
5331,3,DC 68-1,10,N,P,W,Feb,2009,Feb-09,0,0,0,0,0,0,0,0,0,0,0,0,0,0,0,0,9,0,0,0,0,0,0,0,4,0,2,0,1,0,0,0,0,0,2,0,0,0,0,0,0,0
5372,3,DC 76-1,10,N,P,W,Feb,2009,Feb-09,0,0,0,0,0,0,0,0,1,0,0,0,0,0,0,0,3,0,0,0,0,0,0,10,18,0,0,0,1,0,0,0,0,0,1,0,0,0,0,0,0,2
5413,3,DC 76-2,10,N,P,W,Feb,2009,Feb-09,0,0,0,0,0,0,0,0,0,0,0,0,0,0,0,0,0,0,0,1,0,0,0,3,0,0,0,0,0,0,0,0,0,0,3,0,0,0,0,0,0,0
5454,3,DC 78-1,10,N,P,W,Feb,2009,Feb-09,0,0,0,0,0,0,0,0,0,0,0,0,0,0,0,0,0,0,0,0,0,0,0,4,0,0,1,0,0,0,0,0,0,0,0,0,0,0,0,0,0,6
5495,3,DC 81-1,10,N,P,W,Feb,2009,Feb-09,0,0,0,0,0,0,0,0,0,0,0,0,0,0,0,0,6,0,0,0,0,0,0,8,0,0,0,0,0,0,0,0,0,0,0,0,0,0,0,0,0,0
5536,3,DC 82-1,10,N,P,W,Feb,2009,Feb-09,0,0,0,0,0,0,0,0,3,0,0,0,0,0,0,0,0,0,0,0,0,0,0,10,2,0,0,0,1,0,0,0,0,0,1,0,0,0,0,0,0,2
5577,3,DC 87-1,20,N,P,W,Feb,2009,Feb-09,0,0,0,0,0,0,0,0,0,0,0,0,0,0,0,0,0,0,0,0,0,0,0,5,0,0,6,0,1,0,0,0,0,0,5,0,0,0,0,0,0,10
5618,3,DC 94-1,20,N,P,W,Feb,2009,Feb-09,1,0,0,0,0,0,0,0,0,0,0,0,0,0,0,0,0,0,0,0,0,0,0,0,0,0,4,0,0,0,0,0,0,0,23,0,0,0,0,0,0,2
5659,3,DC101-1,20,N,S,W,Feb,2009,Feb-09,3,0,0,0,0,0,0,0,0,0,0,0,0,0,0,0,0,0,0,0,0,0,0,0,0,0,10,0,0,0,0,0,0,0,0,0,0,2,0,0,6,5
5700,3,DC108-1,20,N,P,W,Feb,2009,Feb-09,5,0,0,0,0,1,0,0,0,0,0,0,0,0,0,0,0,0,0,0,0,0,0,0,9,0,23,0,0,0,0,0,0,0,35,0,0,0,0,0,0,1
5741,3,DC114-1,20,N,P,W,Feb,2009,Feb-09,0,0,0,0,0,0,0,0,0,1,0,0,0,0,0,0,0,0,0,2,0,0,0,4,1,0,10,0,3,0,2,1,0,0,0,0,0,0,0,0,0,5
5782,3,DC114-2,20,N,P,W,Feb,2009,Feb-09,0,0,0,0,0,0,0,0,0,0,0,0,0,0,0,0,14,0,0,0,0,0,0,9,1,0,2,0,0,0,0,0,0,0,4,0,0,0,0,0,1,3
5823,3,DC114-3,20,N,P,W,Feb,2009,Feb-09,0,0,0,0,0,0,0,0,0,0,0,0,0,0,0,0,0,0,0,0,0,0,0,0,4,0,12,0,0,0,0,0,0,0,2,0,0,0,0,18,0,2
5864,3,DC115-1,20,N,P,W,Feb,2009,Feb-09,0,0,0,0,0,0,0,0,11,0,0,1,0,0,0,0,0,0,0,9,0,0,0,5,8,0,3,0,15,0,0,0,0,0,1,0,0,0,0,0,1,20
5905,3,DC116-1,20,N,P,W,Feb,2009,Feb-09,0,0,0,0,0,0,0,0,2,0,0,1,0,0,0,0,0,0,0,0,0,0,0,2,0,0,0,0,5,0,0,0,0,0,0,0,0,0,0,0,0,0
5946,3,DC120-1,20,N,P,W,Feb,2009,Feb-09,0,0,0,0,0,0,0,0,0,0,0,0,0,0,0,0,0,0,0,0,0,0,0,0,3,0,5,0,0,0,0,0,0,0,1,0,0,0,0,0,0,0
5987,3,DC121-1,20,N,S,W,Feb,2009,Feb-09,1,0,0,0,0,0,0,0,0,0,0,0,0,0,0,0,0,0,0,0,0,0,0,0,15,0,3,0,0,0,0,0,0,0,3,0,0,0,0,0,4,0
6028,4,ANF  1-1,10,N,S,Sp,Apr,2009,Apr-09,0,0,0,0,0,0,0,0,0,0,0,0,0,0,0,0,0,0,0,0,0,0,0,0,0,0,0,0,0,0,0,0,0,0,0,0,0,0,0,0,0,5
6069,4,ANF 11-1,10,N,S,Sp,Apr,2009,Apr-09,0,0,0,0,0,0,0,0,0,0,0,0,0,0,0,0,0,0,0,0,0,0,0,0,0,0,0,0,0,3,0,0,0,0,0,0,0,0,0,0,0,0
6110,4,ANF 13-1,10,N,P,Sp,Apr,2009,Apr-09,0,0,0,0,0,0,0,0,13,0,0,0,0,0,0,0,2,0,0,5,0,0,1,0,1,0,8,0,0,0,0,0,0,0,0,0,0,0,0,0,2,1
6151,4,ANF 13-2,10,N,P,Sp,Apr,2009,Apr-09,0,0,0,0,0,0,0,0,0,0,0,0,0,0,0,0,0,0,0,0,0,0,0,0,0,0,0,0,0,0,0,0,0,0,2,0,0,0,0,0,0,1
6192,4,ANF 17-1,10,N,P,Sp,Apr,2009,Apr-09,0,0,0,0,0,0,0,0,3,0,0,0,0,0,0,0,0,0,0,0,0,0,0,0,1,0,0,0,0,0,0,0,0,0,3,0,0,0,0,0,0,2
6233,4,ANF 66-1,10,N,P,Sp,Apr,2009,Apr-09,0,0,0,0,0,0,0,0,5,0,0,0,0,0,0,0,0,0,0,0,0,0,0,0,2,0,1,0,0,0,0,0,0,0,2,0,0,0,0,0,0,3
6274,4,ANF 67-1,10,N,P,Sp,Apr,2009,Apr-09,0,0,0,0,0,0,0,0,5,0,0,0,0,0,0,0,0,0,0,0,0,0,0,0,1,0,0,0,0,0,0,0,0,0,0,0,0,0,0,0,0,0
6315,4,ANF 84-1,10,N,P,Sp,Apr,2009,Apr-09,0,0,0,0,0,0,0,0,0,8,0,0,0,0,0,0,0,0,0,0,0,0,0,0,1,0,8,0,0,0,0,0,0,0,0,0,0,0,0,0,0,0
6356,4,ANF 85-1,10,N,P,Sp,Apr,2009,Apr-09,0,0,0,0,0,0,0,0,0,0,0,0,0,0,0,0,0,0,0,0,0,0,0,0,0,0,0,0,0,0,0,0,0,0,2,0,0,0,0,0,1,2
6397,4,DC 5,10,N,P,Sp,Apr,2009,Apr-09,0,0,0,0,0,0,0,0,0,0,0,0,0,0,0,0,0,0,0,0,0,0,0,0,0,0,0,0,0,0,0,0,0,0,13,0,0,0,0,0,0,1
6438,4,DC 6,10,N,P,Sp,Apr,2009,Apr-09,0,0,0,0,0,0,0,0,0,0,0,0,0,0,0,0,1,0,0,1,0,0,0,0,2,0,11,0,0,0,0,0,0,0,9,0,0,0,0,0,1,4
6479,4,DC 6-1,20,N,S,Sp,Apr,2009,Apr-09,0,0,0,0,0,0,0,0,0,0,0,0,0,0,0,0,0,0,0,0,0,0,0,0,0,0,0,0,0,0,0,0,0,0,5,0,0,3,0,0,0,0
6520,4,DC 7,10,N,P,Sp,Apr,2009,Apr-09,0,0,0,0,0,0,0,0,0,0,0,0,0,0,0,0,0,0,0,0,0,0,0,0,0,0,0,0,0,0,0,0,0,0,0,0,0,0,0,0,0,0
6561,4,DC 8,10,N,P,Sp,Apr,2009,Apr-09,0,0,0,0,0,0,0,0,0,0,0,0,0,0,0,0,0,0,0,1,0,1,0,0,0,0,1,0,0,0,0,1,0,0,0,0,0,0,0,0,0,1
6602,4,DC 8-2,20,N,S,Sp,Apr,2009,Apr-09,0,0,0,0,0,0,0,0,0,0,0,0,0,0,0,0,0,0,0,0,0,0,0,0,0,0,0,0,0,0,0,0,0,0,3,0,0,2,0,0,0,0
6643,4,DC 10-1,20,N,P,Sp,Apr,2009,Apr-09,2,0,0,0,0,0,0,0,0,0,0,0,0,0,0,0,0,0,0,5,0,0,0,0,6,0,12,0,0,0,0,0,0,0,7,0,0,0,0,0,0,1
6684,4,DC 13-1,20,N,P,Sp,Apr,2009,Apr-09,0,0,0,0,0,0,0,0,0,0,0,1,0,0,0,0,0,0,0,0,0,0,0,1,3,0,0,0,0,0,0,0,0,0,4,0,0,0,0,0,3,4
6725,4,DC 15-2,20,N,P,Sp,Apr,2009,Apr-09,1,0,0,0,0,0,0,0,0,0,0,0,0,0,0,0,0,0,0,0,0,0,0,0,1,0,0,0,0,0,0,0,0,0,17,0,0,0,0,0,1,8
6766,4,DC 15-3,20,N,P,Sp,Apr,2009,Apr-09,0,0,0,0,0,0,0,0,0,0,0,0,0,0,0,0,1,0,0,0,0,0,0,0,0,0,0,0,0,0,0,0,0,0,2,0,0,0,0,0,0,1
6807,4,DC 17-2,20,N,S,Sp,Apr,2009,Apr-09,4,0,0,0,0,0,0,0,0,0,0,0,0,0,0,3,0,0,0,0,0,0,0,0,0,0,0,0,0,0,0,0,0,0,1,0,0,0,0,0,0,0
6848,4,DC 18-1,20,N,P,Sp,Apr,2009,Apr-09,0,0,0,0,0,0,0,0,0,0,0,0,0,0,0,0,0,0,0,0,0,9,0,0,0,0,2,0,0,0,0,0,0,0,0,0,0,0,0,0,0,1
6889,4,DC 19-1,20,N,S,Sp,Apr,2009,Apr-09,3,0,0,0,0,0,0,0,0,0,0,0,0,0,0,7,0,0,0,0,0,0,0,0,0,0,5,0,0,0,0,0,0,0,6,0,0,0,0,0,0,3
6930,4,DC 19-2,20,N,P,Sp,Apr,2009,Apr-09,0,0,0,0,0,0,0,0,0,0,0,0,0,0,0,0,4,0,0,5,0,0,0,0,0,0,2,0,0,0,0,0,0,0,1,0,0,0,0,0,0,0
6971,4,DC 29-1,20,N,P,Sp,Apr,2009,Apr-09,0,0,0,0,0,0,0,0,3,0,0,0,0,0,0,0,7,0,0,4,0,0,0,0,0,0,2,0,0,0,0,0,0,0,0,0,0,0,0,0,0,8
7012,4,DC 29-2,10,N,P,Sp,Apr,2009,Apr-09,0,0,0,0,0,0,0,0,0,0,0,0,0,0,0,0,0,0,0,0,0,0,0,1,1,0,0,0,0,0,0,0,0,0,6,0,0,0,0,0,0,0
7053,4,DC 29-4,10,N,P,Sp,Apr,2009,Apr-09,0,0,0,0,0,0,0,0,0,0,0,0,0,0,0,0,1,0,0,1,0,0,0,0,0,0,3,0,0,0,0,3,0,0,4,0,0,0,0,0,0,0
7094,4,DC 29-5,20,N,T,Sp,Apr,2009,Apr-09,0,0,0,0,0,0,0,0,0,0,0,0,0,0,1,0,0,0,0,0,0,0,0,0,0,0,0,0,0,2,0,0,0,0,0,0,0,0,0,0,0,0
7135,4,DC 34-3,10,N,S,Sp,Apr,2009,Apr-09,0,0,0,0,0,0,0,0,1,0,0,0,0,0,0,1,0,0,0,0,0,0,0,0,1,0,0,0,0,0,0,0,0,0,0,0,0,1,0,0,1,1
7176,4,DC 36-1,10,N,P,Sp,Apr,2009,Apr-09,0,0,0,0,0,0,0,0,0,0,0,0,0,0,0,0,0,0,0,0,0,0,0,0,4,0,5,0,0,0,0,0,0,0,1,0,0,0,0,0,0,4
7217,4,DC 36-2,10,N,T,Sp,Apr,2009,Apr-09,0,0,0,0,0,0,0,0,0,0,0,0,0,0,0,0,0,0,0,0,0,0,0,0,0,0,0,0,0,0,0,0,0,0,0,0,0,0,0,0,0,0
7258,4,DC 36-3,10,N,T,Sp,Apr,2009,Apr-09,0,0,0,0,0,0,0,0,0,0,0,0,0,0,1,0,0,0,0,0,0,0,0,0,0,0,0,0,0,6,0,0,0,0,5,0,0,0,0,0,0,2
7299,4,DC 55-1,10,N,S,Sp,Apr,2009,Apr-09,1,0,0,0,0,0,0,0,2,0,0,0,0,0,0,0,0,0,0,0,0,0,0,0,3,0,1,0,0,0,0,0,0,0,3,0,0,0,0,0,0,0
7340,4,DC 68-1,10,N,P,Sp,Apr,2009,Apr-09,0,0,0,0,0,0,0,0,0,0,0,0,0,0,0,0,0,0,0,0,0,0,0,0,1,0,2,0,0,0,0,0,0,0,1,0,0,0,0,0,0,2
7381,4,DC 76-1,10,N,P,Sp,Apr,2009,Apr-09,0,0,0,0,0,0,0,0,2,0,0,0,0,0,0,0,0,0,0,0,0,0,0,0,3,0,1,0,0,0,0,0,0,2,0,0,0,0,0,0,0,0
7422,4,DC 76-2,10,N,P,Sp,Apr,2009,Apr-09,0,0,0,0,0,0,0,0,1,0,0,0,0,0,0,0,0,0,0,0,0,0,0,0,1,0,1,0,0,0,0,0,0,0,2,0,0,0,0,0,0,0
7463,4,DC 78-1,10,N,P,Sp,Apr,2009,Apr-09,0,0,0,0,0,0,0,0,2,0,0,0,0,0,0,0,1,0,0,0,1,0,2,0,0,0,1,0,0,0,0,0,0,0,1,0,0,0,0,0,0,0
7504,4,DC 81-1,10,N,P,Sp,Apr,2009,Apr-09,0,0,0,0,0,0,0,0,0,0,0,0,0,0,0,0,0,0,0,0,0,0,0,0,0,0,0,0,0,0,0,0,0,0,1,0,0,0,0,0,0,0
7545,4,DC 82-1,10,N,P,Sp,Apr,2009,Apr-09,0,0,0,0,0,0,0,0,5,0,0,0,0,0,0,0,0,4,0,0,1,0,0,0,0,0,4,0,0,0,0,0,0,0,1,0,0,0,0,0,0,1
7586,4,DC 87-1,20,N,P,Sp,Apr,2009,Apr-09,0,0,0,0,0,0,0,0,0,0,0,0,0,0,0,0,0,0,0,0,0,0,0,0,0,0,4,0,0,0,0,0,0,0,3,0,0,0,0,0,0,4
7627,4,DC 94-1,20,N,P,Sp,Apr,2009,Apr-09,0,0,0,0,0,0,0,0,0,0,0,0,0,0,0,0,0,0,0,0,0,0,0,0,0,0,0,0,0,0,0,0,0,0,20,0,0,0,0,0,0,0
7668,4,DC101-1,20,N,S,Sp,Apr,2009,Apr-09,1,0,0,0,0,0,0,0,0,0,0,0,0,0,0,0,0,0,0,0,0,0,0,0,0,0,0,0,0,0,0,0,0,0,2,0,0,0,0,0,0,0
7709,4,DC108-1,20,N,P,Sp,Apr,2009,Apr-09,0,0,0,0,0,0,0,0,0,0,0,0,0,0,0,0,0,0,0,0,0,0,0,0,10,0,35,0,0,0,0,0,0,0,9,0,0,0,0,2,2,1
7750,4,DC114-1,20,N,P,Sp,Apr,2009,Apr-09,0,0,0,0,0,0,0,0,0,0,0,0,0,0,0,0,0,0,0,0,0,0,0,0,1,0,0,0,0,0,0,1,0,0,2,0,0,0,0,0,0,1
7791,4,DC114-2,20,N,P,Sp,Apr,2009,Apr-09,0,0,0,0,0,0,0,0,0,0,0,0,0,0,0,0,0,0,0,0,0,0,0,0,1,0,0,0,0,0,0,0,0,0,3,0,0,0,0,0,0,1
7832,4,DC114-3,20,N,P,Sp,Apr,2009,Apr-09,0,0,0,0,0,0,0,0,0,0,0,0,0,0,0,0,0,0,0,0,0,0,0,0,5,0,9,0,0,0,0,0,0,0,8,0,0,0,0,11,0,0
7873,4,DC115-1,20,N,P,Sp,Apr,2009,Apr-09,0,0,0,0,0,0,0,0,28,0,0,0,0,0,0,0,0,24,0,0,0,0,0,3,6,0,26,0,0,0,0,0,0,0,0,0,0,0,0,0,4,0
7914,4,DC116-1,20,N,P,Sp,Apr,2009,Apr-09,0,0,0,0,0,0,0,0,0,0,0,0,0,0,0,0,0,0,0,0,0,0,0,0,0,0,0,0,0,0,0,0,0,0,0,0,0,0,0,0,0,1
7955,4,DC120-1,20,N,P,Sp,Apr,2009,Apr-09,0,0,0,0,0,0,0,0,0,0,0,0,0,0,0,0,0,0,0,0,0,0,0,0,10,0,0,0,0,0,0,0,0,0,11,0,0,0,0,0,0,0
7996,4,DC121-1,20,N,S,Sp,Apr,2009,Apr-09,1,0,0,0,0,0,0,0,0,0,0,0,0,0,0,0,0,0,0,0,0,0,0,0,14,0,2,0,0,0,0,0,0,0,12,0,0,0,0,0,1,0
8037,5,ANF  1-1,36,N,S,Su,Jul,2009,Jul-09,0,0,0,0,0,0,0,0,0,0,0,0,0,0,0,0,0,0,0,1,0,0,0,19,0,0,2,0,0,0,0,0,0,0,1,0,0,1,0,0,0,0
8078,5,ANF 11-1,36,N,S,Su,Jul,2009,Jul-09,0,0,0,0,0,0,0,0,0,0,0,0,0,0,0,0,0,0,0,0,0,0,0,0,0,0,0,0,0,0,0,0,0,0,3,0,0,0,0,0,0,1
8119,5,ANF 13-1,36,N,P,Su,Jul,2009,Jul-09,0,0,0,0,0,0,0,0,5,0,0,0,0,0,0,0,0,0,7,0,0,0,0,21,4,0,13,0,0,0,0,0,0,0,0,0,0,0,0,0,6,7
8160,5,ANF 13-2,36,N,P,Su,Jul,2009,Jul-09,0,0,0,0,0,0,0,0,0,0,0,0,0,0,0,0,0,0,0,0,0,0,0,0,0,0,0,0,0,0,0,0,0,0,0,0,0,0,0,0,0,1
8201,5,ANF 17-1,36,N,P,Su,Jul,2009,Jul-09,0,0,0,0,0,0,0,0,1,0,0,0,0,0,0,0,0,0,0,12,0,0,0,21,11,0,5,0,0,0,0,0,0,0,7,0,0,1,0,0,1,1
8242,5,ANF 66-1,36,N,P,Su,Jul,2009,Jul-09,1,0,0,0,0,0,0,0,0,0,0,0,0,0,0,0,0,0,0,0,0,0,0,8,19,0,3,0,4,0,0,0,0,0,1,0,0,0,0,0,0,3
8283,5,ANF 67-1,36,N,P,Su,Jul,2009,Jul-09,0,0,0,0,0,0,0,0,0,1,0,1,0,0,0,0,0,0,1,0,1,0,0,17,2,0,1,0,28,0,0,0,0,0,0,0,0,0,0,0,4,0
8324,5,ANF 84-1,36,N,P,Su,Jul,2009,Jul-09,0,0,0,0,0,0,0,0,0,5,0,3,0,0,0,0,0,0,0,0,0,0,0,2,2,0,0,0,2,0,0,0,0,0,0,0,0,0,0,0,0,0
8365,5,ANF 85-1,36,N,P,Su,Jul,2009,Jul-09,0,0,0,0,0,0,0,0,3,0,0,0,0,0,0,0,0,1,0,0,0,0,0,7,0,0,1,0,0,0,0,0,0,0,13,0,0,0,0,0,1,2
8406,5,DC 5,24,N,P,Su,Jul,2009,Jul-09,0,0,0,0,0,0,0,0,0,0,0,0,0,0,0,0,0,0,0,0,0,0,0,1,0,0,0,0,0,0,0,0,0,0,29,0,0,3,0,0,0,7
8447,5,DC 6,24,N,P,Su,Jul,2009,Jul-09,1,0,0,0,0,0,0,0,0,0,0,0,0,0,0,0,0,1,1,0,0,0,0,0,7,0,0,0,0,0,0,0,0,0,12,0,0,0,0,0,0,3
8488,5,DC 6-1,30,N,S,Su,Jul,2009,Jul-09,0,0,0,0,0,0,0,0,0,0,0,1,0,0,0,0,0,0,0,0,0,0,0,1,0,0,0,0,0,0,0,0,0,0,1,0,0,10,0,0,0,4
8529,5,DC 7,24,N,P,Su,Jul,2009,Jul-09,0,0,0,0,0,0,0,0,0,0,0,0,0,0,0,0,0,0,0,0,0,0,0,0,0,0,0,0,0,0,0,0,0,0,2,0,0,0,0,0,0,1
8570,5,DC 8,24,N,P,Su,Jul,2009,Jul-09,0,0,0,0,0,0,0,0,0,0,0,2,0,0,0,0,0,0,0,0,4,0,0,6,0,0,2,0,0,0,0,0,0,0,2,0,0,0,0,0,0,0
8611,5,DC 8-2,30,N,S,Su,Jul,2009,Jul-09,3,0,0,0,0,0,0,0,0,0,0,0,0,0,0,0,0,0,0,0,0,0,0,0,0,0,0,0,0,0,0,0,0,0,7,0,1,24,0,0,0,0
8652,5,DC 10-1,30,N,P,Su,Jul,2009,Jul-09,0,0,0,0,0,0,0,0,0,0,0,0,0,0,0,0,0,8,13,2,0,0,0,14,8,0,1,0,0,0,0,0,0,0,4,0,0,0,0,0,9,1
8693,5,DC 13-1,30,N,P,Su,Jul,2009,Jul-09,0,0,0,0,0,0,0,0,0,0,0,3,0,0,0,0,0,0,0,0,0,0,0,7,0,0,4,0,0,0,0,0,0,0,9,0,0,1,0,0,8,0
8734,5,DC 15-2,30,N,P,Su,Jul,2009,Jul-09,7,0,0,0,0,0,0,0,0,0,0,0,0,0,0,8,0,0,0,0,0,0,0,0,0,0,0,0,0,0,0,0,0,0,7,0,0,5,0,0,0,7
8775,5,DC 15-3,30,N,P,Su,Jul,2009,Jul-09,0,0,0,0,0,0,0,0,0,0,0,1,0,0,0,0,0,0,0,0,0,0,0,20,0,0,0,0,2,0,0,0,0,0,0,0,0,0,0,0,0,0
8816,5,DC 17-2,30,N,S,Su,Jul,2009,Jul-09,0,0,1,0,0,0,0,0,0,0,0,0,0,0,0,21,0,0,0,0,0,0,0,1,0,0,0,0,0,0,0,0,0,0,21,0,0,25,0,0,0,0
8857,5,DC 18-1,30,N,P,Su,Jul,2009,Jul-09,0,0,0,0,0,0,0,0,0,0,0,0,0,0,0,0,0,0,0,7,0,0,0,17,0,0,0,0,0,0,0,0,0,0,2,0,0,0,0,0,0,0
8898,5,DC 19-1,30,N,S,Su,Jul,2009,Jul-09,10,0,0,0,0,0,0,0,0,0,0,0,0,0,0,3,0,0,0,0,0,0,0,1,0,0,4,0,2,0,0,0,0,0,29,0,0,23,0,0,1,3
8939,5,DC 19-2,30,N,P,Su,Jul,2009,Jul-09,3,0,0,0,0,0,0,0,0,0,0,0,0,0,0,0,0,2,19,9,0,0,0,14,0,0,1,0,0,0,0,0,0,0,0,0,0,0,0,0,1,0
8980,5,DC 29-1,30,N,P,Su,Jul,2009,Jul-09,0,0,0,0,0,0,0,0,1,0,0,1,0,0,0,0,0,0,0,0,5,0,0,18,1,0,0,0,12,0,0,0,0,0,0,0,0,0,0,0,0,0
9021,5,DC 29-2,30,N,P,Su,Jul,2009,Jul-09,0,0,0,0,0,0,0,0,0,0,0,0,0,0,0,0,0,0,0,0,0,1,0,43,1,0,5,0,6,0,0,0,0,0,2,0,0,0,0,0,1,0
9062,5,DC 29-4,30,N,P,Su,Jul,2009,Jul-09,0,0,0,0,1,0,0,0,0,0,0,0,0,0,0,0,0,0,0,0,2,23,0,23,1,0,4,0,0,0,0,0,0,0,4,0,0,0,0,0,0,0
9103,5,DC 29-5,NA,Y,T,Su,Jul,2009,Jul-09,0,0,0,0,0,0,0,0,0,0,0,0,0,0,0,0,0,0,0,0,0,0,0,0,0,0,0,0,0,0,0,0,0,0,0,0,0,0,0,0,0,0
9144,5,DC 34-3,24,N,S,Su,Jul,2009,Jul-09,1,0,0,0,0,0,0,0,0,0,0,0,0,0,0,9,0,0,0,0,0,0,0,22,0,0,0,0,19,0,0,0,0,0,2,0,0,0,0,0,15,0
9185,5,DC 36-1,24,N,P,Su,Jul,2009,Jul-09,0,0,0,0,0,0,0,0,0,0,0,1,0,0,0,0,0,1,1,5,0,0,0,7,4,0,11,0,5,0,0,0,0,0,3,0,0,0,0,0,3,0
9226,5,DC 36-2,NA,Y,T,Su,Jul,2009,Jul-09,0,0,0,0,0,0,0,0,0,0,0,0,0,0,0,0,0,0,0,0,0,0,0,0,0,0,0,0,0,0,0,0,0,0,0,0,0,0,0,0,0,0
9267,5,DC 36-3,NA,Y,T,Su,Jul,2009,Jul-09,0,0,0,0,0,0,0,0,0,0,0,0,0,0,0,0,0,0,0,0,0,0,0,0,0,0,0,0,0,0,0,0,0,0,0,0,0,0,0,0,0,0
9308,5,DC 55-1,24,N,S,Su,Jul,2009,Jul-09,1,0,0,0,0,0,0,0,0,0,0,0,0,0,0,0,0,1,0,0,0,0,0,13,1,0,0,0,4,0,0,0,0,0,19,0,0,0,0,0,1,0
9349,5,DC 68-1,24,N,P,Su,Jul,2009,Jul-09,0,0,0,0,0,1,0,0,0,0,0,0,0,0,0,0,0,0,0,0,0,0,0,8,7,0,8,0,2,0,0,0,0,0,0,0,0,0,0,0,0,0
9390,5,DC 76-1,20,N,P,Su,Jul,2009,Jul-09,0,0,0,0,0,0,0,0,2,0,0,0,0,0,0,0,0,0,0,0,0,0,0,9,0,0,1,0,0,0,0,0,0,1,1,0,0,0,0,0,0,6
9431,5,DC 76-2,20,N,P,Su,Jul,2009,Jul-09,0,0,0,0,0,0,0,0,0,0,0,0,0,0,0,0,0,0,0,1,0,0,0,14,0,0,2,0,1,0,0,0,0,0,0,0,0,0,0,0,0,0
9472,5,DC 78-1,20,N,P,Su,Jul,2009,Jul-09,0,0,0,0,0,0,0,0,0,0,0,0,0,0,0,0,0,1,0,0,0,0,0,4,0,0,2,0,1,0,0,0,0,0,0,0,0,0,0,0,0,2
9513,5,DC 81-1,20,N,P,Su,Jul,2009,Jul-09,0,0,0,0,0,0,0,0,0,0,0,0,0,0,0,0,0,0,0,0,0,0,0,3,0,0,2,0,0,0,0,0,0,0,3,0,0,0,0,0,0,3
9554,5,DC 82-1,20,N,P,Su,Jul,2009,Jul-09,1,0,0,0,0,0,0,0,0,0,0,0,0,0,0,0,0,5,0,0,2,0,0,24,2,0,0,0,3,0,0,0,0,0,1,0,0,0,0,0,0,0
9595,5,DC 87-1,20,N,P,Su,Jul,2009,Jul-09,0,0,0,0,0,2,0,0,0,0,0,0,0,0,0,0,0,0,0,0,0,0,0,7,0,0,12,0,2,0,0,0,0,0,5,0,0,0,0,0,0,0
9636,5,DC 94-1,20,N,P,Su,Jul,2009,Jul-09,0,0,0,0,0,0,0,0,0,0,0,0,0,0,0,0,0,0,0,0,0,0,0,0,0,0,0,0,0,0,0,0,0,0,15,0,0,0,0,0,0,0
9677,5,DC101-1,20,N,S,Su,Jul,2009,Jul-09,0,0,0,0,0,0,0,0,0,0,0,0,0,0,0,0,0,0,0,0,0,0,0,0,0,0,1,0,1,0,0,0,0,0,2,0,0,2,0,0,0,0
9718,5,DC108-1,20,N,P,Su,Jul,2009,Jul-09,1,0,0,0,0,0,0,0,0,0,0,0,0,0,0,0,0,0,0,0,0,0,0,0,1,0,16,0,0,0,0,0,0,0,19,0,0,0,0,1,0,0
9759,5,DC114-1,20,N,P,Su,Jul,2009,Jul-09,0,0,0,0,0,0,0,0,0,0,0,0,0,0,0,0,0,2,0,0,0,0,0,5,3,0,4,0,1,0,0,0,0,0,8,0,0,0,0,0,0,0
9800,5,DC114-2,20,N,P,Su,Jul,2009,Jul-09,0,0,0,0,0,0,0,0,0,0,0,0,0,0,0,0,0,0,0,2,0,0,0,14,5,0,3,0,10,0,0,0,0,0,3,0,0,0,0,0,4,0
9841,5,DC114-3,20,N,P,Su,Jul,2009,Jul-09,0,0,0,0,0,0,0,0,0,0,0,0,0,0,0,0,0,0,0,0,0,0,0,0,3,0,3,0,0,0,0,0,0,0,12,0,0,0,0,1,0,0
9882,5,DC115-1,20,N,P,Su,Jul,2009,Jul-09,0,0,0,0,0,0,0,0,2,0,0,6,0,0,0,0,0,5,0,0,0,0,0,17,1,0,2,0,9,0,0,0,0,0,1,0,0,0,0,0,0,0
9923,5,DC116-1,20,N,P,Su,Jul,2009,Jul-09,0,0,0,0,0,0,0,0,4,0,0,0,0,0,0,0,0,0,0,0,0,0,0,2,0,0,2,0,3,0,0,0,0,0,1,0,0,0,0,0,0,0
9964,5,DC120-1,20,N,P,Su,Jul,2009,Jul-09,0,0,0,0,0,0,0,0,0,0,0,0,0,0,0,0,0,0,0,0,0,0,0,0,3,0,0,0,0,0,0,0,0,0,0,0,0,0,0,1,0,0
10005,5,DC121-1,20,N,S,Su,Jul,2009,Jul-09,0,0,0,0,0,0,0,0,0,0,0,0,0,0,0,0,0,0,0,0,0,0,0,0,19,0,1,0,1,0,0,0,0,0,0,0,0,0,0,0,4,0
10046,6,ANF  1-1,24,N,S,F,Oct,2009,Oct-09,0,0,0,0,0,0,0,0,0,0,0,0,0,0,0,0,0,0,0,0,0,0,0,3,0,0,1,0,0,0,0,0,0,0,0,0,0,0,0,0,0,1
10087,6,ANF 11-1,24,N,S,F,Oct,2009,Oct-09,0,0,0,0,0,0,0,0,0,0,0,0,0,0,0,0,0,0,0,0,0,0,0,0,0,0,0,0,0,0,0,0,0,0,0,0,0,0,0,0,0,1
10128,6,ANF 13-1,24,N,P,F,Oct,2009,Oct-09,11,0,0,0,0,0,0,0,26,0,0,0,0,0,0,0,5,0,2,0,0,0,0,3,2,0,11,0,0,0,0,0,0,0,0,0,0,0,0,0,0,4
10169,6,ANF 13-2,24,N,P,F,Oct,2009,Oct-09,1,0,0,0,0,0,0,0,0,0,0,0,0,0,1,0,0,0,0,0,0,0,0,0,0,0,0,0,0,0,0,0,0,0,1,0,0,0,0,0,0,6
10210,6,ANF 17-1,24,N,P,F,Oct,2009,Oct-09,0,0,0,0,0,0,0,0,1,0,0,0,0,0,0,0,0,0,0,0,0,0,0,9,10,0,1,0,0,0,1,0,0,0,37,0,0,0,0,0,1,1
10251,6,ANF 66-1,24,N,P,F,Oct,2009,Oct-09,0,0,0,0,0,0,0,0,4,0,0,0,0,0,0,0,1,0,0,0,0,0,0,10,2,0,0,0,0,0,0,0,0,0,2,0,0,0,0,0,0,5
10292,6,ANF 67-1,24,N,P,F,Oct,2009,Oct-09,0,0,0,0,0,0,0,0,0,0,0,0,0,0,0,0,0,0,0,0,0,0,0,11,0,0,0,0,0,0,0,0,0,0,0,0,0,0,0,0,0,1
10333,6,ANF 84-1,24,N,P,F,Oct,2009,Oct-09,0,0,0,0,0,0,0,0,3,3,0,1,0,0,0,0,0,0,0,0,0,0,0,0,0,0,0,0,0,0,0,0,0,0,0,0,0,0,0,0,0,1
10374,6,ANF 85-1,24,N,P,F,Oct,2009,Oct-09,0,0,0,0,0,0,0,0,0,0,0,0,0,0,0,0,0,0,0,0,0,0,0,1,0,0,1,0,0,0,0,0,0,0,1,0,0,0,0,0,0,6
10415,6,DC 5,10,N,P,F,Oct,2009,Oct-09,0,0,0,0,0,0,0,0,0,0,0,0,0,0,0,0,0,0,0,0,0,0,0,0,0,0,0,0,0,0,0,0,0,0,2,0,0,0,0,0,0,0
10456,6,DC 6,10,N,P,F,Oct,2009,Oct-09,1,0,0,0,0,0,0,0,0,0,0,0,0,0,0,0,0,1,2,0,0,0,0,2,3,0,0,0,0,0,0,0,0,0,29,0,0,0,0,0,1,6
10497,6,DC 6-1,30,N,S,F,Oct,2009,Oct-09,0,0,0,0,0,0,0,0,0,0,0,1,0,0,0,0,0,0,0,0,0,0,0,2,0,0,0,0,0,0,0,0,0,0,3,0,0,5,0,0,0,3
10538,6,DC 7,10,N,P,F,Oct,2009,Oct-09,0,0,0,0,0,0,0,0,0,0,0,0,0,0,0,0,0,0,0,0,0,0,0,1,1,0,0,0,0,0,0,0,0,0,1,0,0,0,0,0,0,6
10579,6,DC 8,30,N,P,F,Oct,2009,Oct-09,2,0,0,0,0,0,0,0,2,0,0,1,0,0,0,0,2,0,0,0,0,0,0,3,1,0,3,0,0,0,0,0,0,0,3,0,0,0,0,0,0,18
10620,6,DC 8-2,30,N,S,F,Oct,2009,Oct-09,0,0,0,0,0,0,0,0,0,0,0,0,0,0,0,0,0,0,0,0,0,0,0,0,0,0,0,0,0,0,0,0,0,0,0,0,0,0,0,0,0,0
10661,6,DC 10-1,30,N,P,F,Oct,2009,Oct-09,2,0,0,0,0,0,0,0,1,0,0,0,0,2,0,0,0,0,6,2,0,0,0,3,21,0,5,0,0,0,0,0,0,0,3,0,0,0,0,0,0,11
10702,6,DC 13-1,30,N,P,F,Oct,2009,Oct-09,1,0,0,0,0,0,0,0,0,0,0,1,0,0,0,0,0,0,0,0,0,0,0,9,4,0,0,0,0,0,0,0,0,0,6,0,0,15,0,0,4,15
10743,6,DC 15-2,30,N,P,F,Oct,2009,Oct-09,1,0,0,0,0,0,0,0,0,0,0,0,0,0,0,3,0,0,0,0,0,0,0,0,4,0,0,0,0,0,0,0,0,0,3,0,0,3,0,0,4,2
10784,6,DC 15-3,30,N,P,F,Oct,2009,Oct-09,1,0,0,0,0,0,0,0,2,0,0,0,0,0,0,0,1,0,0,0,0,0,0,4,0,0,3,0,0,0,0,0,0,0,0,0,0,0,0,0,0,0
10825,6,DC 17-2,30,N,S,F,Oct,2009,Oct-09,12,0,0,0,0,0,0,0,0,0,0,0,0,0,0,3,0,0,0,0,0,0,0,2,0,0,4,0,0,0,0,0,0,0,5,3,0,13,0,0,0,2
10866,6,DC 18-1,30,N,P,F,Oct,2009,Oct-09,0,0,0,0,0,0,0,0,0,0,0,0,0,0,0,0,1,0,0,2,0,0,0,13,5,0,2,0,0,0,0,0,0,0,1,0,0,0,0,0,0,0
10907,6,DC 19-1,30,N,S,F,Oct,2009,Oct-09,4,0,0,0,0,0,0,0,0,0,0,0,0,0,0,0,0,0,0,0,0,0,0,0,0,0,0,0,1,0,0,0,0,0,0,0,0,8,0,0,0,5
10948,6,DC 19-2,30,N,P,F,Oct,2009,Oct-09,1,0,0,0,0,0,0,0,2,0,0,0,0,0,0,0,7,0,5,0,0,0,0,9,0,0,6,0,0,0,0,0,0,0,0,0,0,0,0,0,0,32
10989,6,DC 29-1,30,N,P,F,Oct,2009,Oct-09,0,0,0,0,0,0,0,0,4,0,0,1,0,0,0,0,2,0,0,0,0,0,0,1,1,0,0,0,3,0,0,0,0,0,0,0,0,2,0,0,0,8
11030,6,DC 29-2,30,N,P,F,Oct,2009,Oct-09,0,0,0,0,0,0,0,0,0,0,0,0,0,0,0,0,7,0,0,0,0,0,0,9,4,0,0,0,0,0,0,0,0,0,6,0,0,0,0,0,0,2
11071,6,DC 29-4,30,N,P,F,Oct,2009,Oct-09,1,0,0,0,1,0,0,0,0,0,0,0,0,1,0,0,14,0,0,1,0,0,0,8,2,0,1,0,0,0,0,0,0,0,1,0,1,0,0,0,0,2
11112,6,DC 29-5,30,N,T,F,Oct,2009,Oct-09,0,0,0,0,0,0,0,0,0,0,0,0,0,0,0,0,0,0,0,0,0,0,0,0,0,0,0,0,0,0,0,0,0,0,0,0,0,0,0,0,0,0
11153,6,DC 34-3,10,N,S,F,Oct,2009,Oct-09,7,0,0,0,0,0,0,0,0,0,0,0,0,0,0,0,0,0,0,0,0,0,0,1,0,0,0,0,1,0,0,0,0,0,0,6,0,0,0,0,1,1
11194,6,DC 36-1,10,N,P,F,Oct,2009,Oct-09,0,0,0,0,0,0,0,0,0,0,0,0,0,0,0,0,3,0,0,0,0,0,0,2,0,0,0,0,0,0,0,0,0,0,1,0,0,0,0,0,0,1
11235,6,DC 36-2,10,N,T,F,Oct,2009,Oct-09,0,0,0,0,0,0,0,0,0,0,0,0,0,0,0,0,0,0,0,0,0,0,0,0,0,0,0,0,0,0,0,0,0,0,0,0,0,0,0,0,0,0
11276,6,DC 36-3,10,N,T,F,Oct,2009,Oct-09,0,0,0,0,0,0,0,0,0,0,0,0,0,0,0,0,0,0,0,0,0,0,0,0,0,0,0,0,0,0,0,0,0,0,0,0,0,0,0,0,0,0
11317,6,DC 55-1,10,N,S,F,Oct,2009,Oct-09,4,0,0,0,0,0,0,0,0,0,0,0,0,0,0,0,0,0,0,0,0,0,0,2,0,0,0,0,1,0,0,0,0,0,0,0,0,0,0,0,0,2
11358,6,DC 68-1,10,N,P,F,Oct,2009,Oct-09,0,0,0,0,0,0,0,0,0,0,0,0,0,0,0,0,0,0,0,0,0,0,0,1,12,0,0,0,1,0,0,0,0,0,2,0,0,0,0,0,0,6
11399,6,DC 76-1,10,N,P,F,Oct,2009,Oct-09,0,0,0,0,0,0,0,0,1,0,0,1,0,0,0,0,0,0,0,0,0,0,0,5,2,0,0,0,2,0,0,0,0,0,0,0,0,0,0,0,0,0
11440,6,DC 76-2,10,N,P,F,Oct,2009,Oct-09,0,0,0,0,0,0,0,0,1,0,0,0,0,0,0,0,4,0,0,0,0,0,0,2,0,0,0,0,0,0,0,0,0,0,0,0,0,0,0,0,0,0
11481,6,DC 78-1,10,N,P,F,Oct,2009,Oct-09,0,0,0,0,0,0,0,0,0,0,0,0,0,0,0,0,0,0,0,0,0,0,0,1,0,0,0,0,0,0,0,0,0,0,0,0,0,0,0,0,0,1
11522,6,DC 81-1,24,N,P,F,Oct,2009,Oct-09,0,0,0,0,0,0,0,0,0,0,0,0,0,0,0,0,1,0,0,0,0,0,0,0,0,0,1,0,0,0,0,0,0,0,7,0,0,0,0,0,0,6
11563,6,DC 82-1,24,N,P,F,Oct,2009,Oct-09,0,0,0,0,0,0,0,0,8,0,0,0,0,0,0,0,1,1,0,0,0,0,0,15,8,0,3,0,0,0,0,0,0,0,2,0,0,0,0,0,1,0
11604,6,DC 87-1,24,N,P,F,Oct,2009,Oct-09,0,0,0,0,0,0,0,0,0,0,0,0,0,0,0,0,0,0,0,0,0,0,0,4,0,0,0,0,1,0,0,0,0,0,4,0,0,0,0,0,0,5
11645,6,DC 94-1,24,N,P,F,Oct,2009,Oct-09,0,0,0,0,0,0,0,0,0,0,0,0,0,0,0,0,0,0,0,0,0,0,0,0,0,0,0,0,0,0,0,0,0,0,17,0,0,0,0,0,0,13
11686,6,DC101-1,24,N,S,F,Oct,2009,Oct-09,6,0,0,0,0,0,0,0,0,0,0,0,0,0,0,0,0,0,0,0,0,0,0,2,5,0,1,0,0,0,0,0,0,0,0,0,0,0,0,0,2,9
11727,6,DC108-1,24,N,P,F,Oct,2009,Oct-09,17,0,0,0,0,0,0,0,0,0,0,0,0,0,0,0,0,0,0,0,0,0,0,0,15,0,3,0,0,0,0,0,0,0,16,0,0,0,0,0,4,3
11768,6,DC114-1,24,N,P,F,Oct,2009,Oct-09,0,0,0,0,0,0,0,0,10,1,0,1,0,0,0,0,2,0,0,0,0,0,0,3,15,0,3,0,0,0,0,0,0,0,6,0,0,0,0,0,1,7
11809,6,DC114-2,24,N,P,F,Oct,2009,Oct-09,0,0,0,0,0,0,0,0,0,0,0,1,0,0,0,0,5,0,0,0,0,0,0,4,2,0,0,0,1,0,0,0,0,0,2,0,0,1,0,0,0,0
11850,6,DC114-3,24,N,P,F,Oct,2009,Oct-09,0,0,0,0,0,0,0,0,0,0,0,0,0,0,0,0,0,0,0,0,0,0,0,0,16,0,0,0,0,0,0,0,0,0,11,0,0,0,0,4,0,1
11891,6,DC115-1,24,N,P,F,Oct,2009,Oct-09,1,0,0,0,0,0,0,0,15,0,0,1,0,0,0,0,0,0,0,0,0,0,0,13,5,0,1,0,0,0,0,0,0,0,0,0,0,0,0,0,0,15
11932,6,DC116-1,24,N,P,F,Oct,2009,Oct-09,0,0,0,0,0,0,0,0,7,0,0,1,0,0,0,0,3,0,0,0,0,0,0,20,4,0,0,0,1,0,0,0,0,0,0,0,0,0,0,0,1,3
11973,6,DC120-1,24,N,P,F,Oct,2009,Oct-09,0,0,0,0,0,0,0,0,0,0,0,0,0,0,0,0,0,0,0,0,0,0,0,0,10,0,0,0,0,0,0,0,0,0,2,0,0,0,0,3,0,0
12014,6,DC121-1,24,N,S,F,Oct,2009,Oct-09,0,0,0,0,0,0,0,0,0,0,0,0,0,0,0,0,0,0,0,0,0,0,0,0,29,0,0,0,0,0,0,0,0,0,7,0,0,0,0,0,13,0
12055,7,ANF  1-1,45,N,S,W,Mar,2010,Mar-10,0,0,0,0,0,0,0,0,0,0,0,0,0,0,0,0,0,0,0,0,0,0,0,9,0,0,7,0,0,0,0,0,0,0,0,0,0,0,0,0,0,0
12096,7,ANF 11-1,45,N,S,W,Mar,2010,Mar-10,0,0,0,0,0,0,0,0,0,0,0,0,0,0,0,0,0,0,0,0,0,0,0,0,0,0,2,0,0,13,0,0,0,0,0,0,0,0,0,0,0,0
12137,7,ANF 13-1,45,N,P,W,Mar,2010,Mar-10,4,0,0,0,0,0,0,0,66,0,0,0,0,0,0,0,12,0,35,6,0,0,0,0,2,0,45,0,0,0,0,0,0,0,0,0,0,0,0,0,1,0
12178,7,ANF 13-2,24,N,P,W,Mar,2010,Mar-10,1,0,0,0,0,0,0,0,0,0,0,0,0,0,0,0,0,0,0,0,0,0,0,0,0,0,0,0,0,2,0,0,0,0,0,0,0,0,0,0,0,0
12219,7,ANF 17-1,24,N,P,W,Mar,2010,Mar-10,0,0,0,0,0,0,0,0,1,0,0,0,0,0,0,0,1,0,0,1,0,0,0,0,2,0,12,0,0,0,4,0,0,0,17,0,0,0,0,0,0,0
12260,7,ANF 66-1,30,N,P,W,Mar,2010,Mar-10,0,0,0,0,0,0,0,0,1,0,0,0,0,0,0,0,1,0,0,0,0,0,0,0,0,0,1,0,1,0,0,0,0,0,1,0,0,0,0,0,0,0
12301,7,ANF 67-1,30,N,P,W,Mar,2010,Mar-10,0,0,0,0,0,0,0,0,3,0,0,0,0,0,0,0,0,0,0,0,0,0,0,0,1,0,4,0,10,1,0,0,0,0,0,0,0,0,0,0,0,1
12342,7,ANF 84-1,30,N,P,W,Mar,2010,Mar-10,0,0,0,0,0,0,0,0,0,5,0,0,0,0,0,0,0,0,0,0,0,0,0,0,1,0,2,0,0,0,0,0,0,0,1,0,0,0,0,0,0,0
12383,7,ANF 85-1,30,N,P,W,Mar,2010,Mar-10,0,0,0,0,0,0,0,0,0,0,0,0,0,0,0,0,1,0,0,0,0,0,0,0,1,0,2,0,0,0,0,0,0,0,1,0,0,0,0,0,0,2
12424,7,DC 5,36,N,P,W,Mar,2010,Mar-10,1,0,0,0,0,0,0,0,0,0,0,0,0,0,0,0,0,0,0,0,0,0,0,0,0,0,1,0,0,0,0,0,0,0,5,0,0,0,0,0,0,0
12465,7,DC 6,36,N,P,W,Mar,2010,Mar-10,0,0,0,0,0,1,0,0,0,0,0,0,0,0,0,0,3,4,13,4,0,0,0,0,18,0,0,0,1,0,0,0,0,0,37,0,0,0,0,0,0,0
12506,7,DC 6-1,20,N,S,W,Mar,2010,Mar-10,0,0,0,0,0,0,0,0,0,0,0,0,0,0,0,0,0,0,0,0,0,0,0,0,0,0,35,0,0,0,0,0,0,0,0,0,0,7,0,0,0,0
12547,7,DC 7,36,N,P,W,Mar,2010,Mar-10,0,0,0,0,0,0,0,0,0,0,0,0,0,0,0,0,0,0,0,0,0,0,0,0,0,0,0,0,0,0,0,0,0,0,1,0,0,0,0,0,0,0
12588,7,DC 8,36,N,P,W,Mar,2010,Mar-10,0,0,0,0,0,0,0,0,5,0,0,0,0,0,0,0,2,0,0,0,6,1,0,0,1,0,3,0,2,0,1,0,0,0,6,0,0,0,0,0,0,0
12629,7,DC 8-2,36,N,S,W,Mar,2010,Mar-10,0,0,0,0,0,0,0,0,0,0,0,0,0,0,0,0,0,0,0,0,0,0,0,0,0,0,0,0,0,0,0,0,0,0,0,0,0,0,0,0,0,0
12670,7,DC 10-1,36,N,P,W,Mar,2010,Mar-10,1,0,0,0,0,0,0,0,0,0,0,0,0,0,0,0,0,1,12,0,0,0,0,0,17,0,9,0,0,0,0,0,0,0,1,0,0,0,0,0,0,0
12711,7,DC 13-1,20,N,P,W,Mar,2010,Mar-10,0,0,0,0,0,0,0,0,0,0,0,0,0,0,0,0,0,0,0,0,0,0,0,0,2,0,0,0,0,0,0,0,0,0,2,0,0,12,0,0,2,0
12752,7,DC 15-2,20,N,P,W,Mar,2010,Mar-10,0,6,0,0,0,0,0,0,0,0,0,0,0,0,0,14,0,0,0,0,0,0,0,0,0,0,0,0,0,0,0,0,0,0,0,0,0,1,0,0,2,0
12793,7,DC 15-3,36,N,P,W,Mar,2010,Mar-10,0,0,0,0,0,0,0,0,1,0,0,0,0,0,0,0,1,0,0,0,8,0,0,0,0,0,2,0,1,0,0,0,0,0,0,0,0,0,0,0,0,0
12834,7,DC 17-2,20,N,S,W,Mar,2010,Mar-10,12,0,0,0,0,0,0,0,0,0,0,0,0,0,0,3,0,0,0,0,0,0,0,0,0,0,3,0,0,0,0,0,0,0,2,0,0,9,0,0,0,0
12875,7,DC 18-1,36,N,P,W,Mar,2010,Mar-10,0,0,0,0,0,0,0,0,0,0,0,0,0,0,0,0,1,0,0,4,0,9,0,0,0,0,7,0,0,0,2,0,0,0,1,0,0,0,0,0,0,0
12916,7,DC 19-1,36,N,S,W,Mar,2010,Mar-10,2,0,0,0,0,0,0,0,0,0,0,0,0,0,0,0,0,0,0,0,0,0,0,0,0,0,2,0,0,0,0,0,0,0,0,0,0,7,0,0,0,0
12957,7,DC 19-2,36,N,P,W,Mar,2010,Mar-10,1,0,0,0,0,0,0,0,0,0,0,0,0,0,0,0,26,0,5,3,0,0,0,0,0,0,9,0,0,0,0,0,0,0,1,0,0,0,0,0,0,0
12998,7,DC 29-1,36,N,P,W,Mar,2010,Mar-10,0,0,0,0,0,0,0,0,7,0,0,0,0,0,0,0,3,0,0,0,7,0,0,0,1,0,5,0,8,0,0,0,0,0,2,0,0,0,0,0,0,0
13039,7,DC 29-2,36,N,P,W,Mar,2010,Mar-10,0,0,0,0,0,0,0,0,0,0,0,0,0,0,0,0,3,0,0,0,0,0,0,0,0,0,2,0,3,0,0,0,0,0,0,0,0,0,0,0,0,0
13080,7,DC 29-4,36,N,P,W,Mar,2010,Mar-10,0,0,0,0,0,0,0,0,0,0,0,0,0,0,0,0,9,0,0,0,0,0,0,0,0,0,5,0,0,0,0,0,0,0,1,0,0,0,0,0,0,0
13121,7,DC 29-5,36,N,T,W,Mar,2010,Mar-10,0,0,0,0,0,0,0,0,0,0,0,0,0,0,1,0,0,0,0,0,0,0,0,0,0,0,0,0,0,0,0,0,0,0,0,0,0,0,0,0,0,0
13162,7,DC 34-3,36,N,S,W,Mar,2010,Mar-10,13,0,0,0,0,0,0,0,0,0,0,0,0,0,0,2,0,0,0,0,0,0,0,0,0,0,0,0,17,0,0,0,0,0,0,0,0,0,0,0,4,0
13203,7,DC 36-1,36,N,P,W,Mar,2010,Mar-10,0,0,0,0,0,0,0,0,0,0,0,0,0,0,0,0,12,0,0,0,0,0,0,0,6,0,2,0,6,0,0,0,0,0,0,0,0,0,0,0,0,0
13244,7,DC 36-2,36,N,T,W,Mar,2010,Mar-10,0,0,0,0,0,0,0,0,0,0,0,0,0,0,0,0,0,0,0,0,0,0,0,0,0,0,0,0,0,0,0,0,0,0,0,0,0,0,0,0,0,0
13285,7,DC 36-3,36,N,T,W,Mar,2010,Mar-10,0,0,0,0,0,0,0,0,0,0,0,0,0,0,0,0,0,0,0,0,0,0,0,0,0,0,9,0,0,0,0,0,0,0,1,0,0,0,0,0,0,0
13326,7,DC 55-1,36,N,S,W,Mar,2010,Mar-10,6,0,0,0,0,0,0,0,0,0,0,0,0,0,0,0,0,0,0,0,0,0,0,0,0,0,2,0,0,3,0,0,0,0,3,0,0,0,0,0,0,0
13367,7,DC 68-1,36,N,P,W,Mar,2010,Mar-10,0,0,0,0,0,0,0,0,0,0,0,0,0,0,0,0,1,0,0,0,0,0,0,0,12,0,17,0,3,0,0,0,0,0,1,0,0,0,0,0,0,0
13408,7,DC 76-1,36,N,P,W,Mar,2010,Mar-10,0,0,0,0,0,0,0,0,0,0,0,0,0,0,0,0,10,0,0,0,0,0,0,0,5,0,17,0,9,0,0,0,0,0,1,0,0,0,0,0,0,0
13449,7,DC 76-2,36,N,P,W,Mar,2010,Mar-10,0,0,0,0,0,0,0,0,10,0,0,0,0,0,0,0,1,0,0,0,0,0,0,0,2,0,10,0,0,0,0,0,0,0,0,0,0,0,0,0,0,0
13490,7,DC 78-1,36,N,P,W,Mar,2010,Mar-10,0,0,0,0,0,0,0,0,0,0,0,0,0,0,0,0,0,0,0,0,1,0,0,0,1,0,0,0,0,0,0,0,0,0,0,0,0,0,0,0,0,0
13531,7,DC 81-1,36,N,P,W,Mar,2010,Mar-10,0,0,0,0,0,0,0,0,0,0,0,0,0,0,0,0,0,0,0,0,0,0,0,0,0,0,0,0,0,0,0,0,0,0,0,0,0,0,0,0,0,0
13572,7,DC 82-1,48,N,P,W,Mar,2010,Mar-10,0,0,0,0,0,0,0,0,9,0,0,0,0,0,0,0,12,1,0,0,1,0,0,0,3,0,7,0,2,0,0,0,0,0,4,0,0,0,0,0,0,6
13613,7,DC 87-1,48,N,P,W,Mar,2010,Mar-10,0,0,0,0,0,0,0,0,0,0,0,0,0,0,0,0,0,0,0,0,0,0,0,0,3,0,9,0,1,0,0,0,0,0,2,0,0,0,0,0,0,0
13654,7,DC 94-1,48,N,P,W,Mar,2010,Mar-10,0,0,0,0,0,0,0,0,0,0,0,0,0,0,0,0,0,0,0,0,0,0,0,0,0,0,0,0,0,0,0,0,0,0,73,0,0,0,0,0,0,1
13695,7,DC101-1,48,N,S,W,Mar,2010,Mar-10,7,0,0,0,0,0,0,0,0,0,0,0,0,0,0,0,0,0,0,0,0,0,0,0,1,0,1,0,2,0,0,0,0,0,2,0,0,1,0,0,8,5
13736,7,DC108-1,48,N,P,W,Mar,2010,Mar-10,11,0,0,0,0,0,0,0,0,0,0,0,0,0,0,0,0,0,0,0,0,0,0,0,11,0,13,0,0,0,0,0,0,0,29,0,0,0,0,0,6,0
13777,7,DC114-1,48,N,P,W,Mar,2010,Mar-10,0,0,0,0,0,0,0,0,1,0,0,0,0,0,0,0,1,0,0,0,0,0,0,0,8,0,15,0,4,0,0,1,0,0,6,0,0,0,0,0,0,2
13818,7,DC114-2,48,N,P,W,Mar,2010,Mar-10,0,0,0,0,0,0,0,0,0,0,0,0,0,0,0,0,1,0,0,0,0,0,0,0,1,0,3,0,0,0,0,0,0,0,0,0,0,0,0,0,0,1
13859,7,DC114-3,48,N,P,W,Mar,2010,Mar-10,0,0,0,0,0,0,0,0,0,0,0,0,0,0,0,0,0,0,0,0,0,0,0,0,16,0,3,0,0,0,0,0,0,0,19,0,0,1,0,0,0,0
13900,7,DC115-1,48,N,P,W,Mar,2010,Mar-10,2,0,0,0,0,0,0,0,92,1,0,0,0,0,0,0,3,3,3,0,0,0,0,0,14,0,19,0,5,0,0,0,0,0,2,0,0,0,0,0,3,2
13941,7,DC116-1,48,N,P,W,Mar,2010,Mar-10,0,0,0,0,0,0,0,0,16,0,0,0,0,0,0,0,7,0,0,1,0,0,0,0,1,0,2,0,12,0,0,0,0,0,0,0,0,0,0,0,0,3
13982,7,DC120-1,48,N,P,W,Mar,2010,Mar-10,0,0,0,0,0,0,0,0,0,0,0,0,0,0,0,0,0,0,0,0,0,0,0,0,9,0,8,0,0,0,0,0,0,0,10,0,0,0,0,1,0,0
14023,7,DC121-1,48,N,S,W,Mar,2010,Mar-10,8,0,0,0,0,0,0,0,0,0,0,0,0,0,0,0,0,0,0,0,0,0,0,0,80,0,32,0,0,0,0,0,0,0,22,0,0,0,0,0,27,0
14064,8,ANF  1-1,20,N,S,Sp,May,2010,May-10,0,0,0,0,0,0,0,0,0,0,0,0,0,0,0,0,0,0,0,0,0,0,0,0,0,0,0,0,0,0,0,0,0,0,0,0,0,0,0,0,0,0
14105,8,ANF 11-1,20,N,S,Sp,May,2010,May-10,0,0,0,0,0,0,0,0,0,0,0,0,0,0,0,0,0,1,0,0,0,0,0,0,0,0,0,0,0,0,0,0,0,0,3,0,0,0,0,0,0,0
14146,8,ANF 13-1,20,N,P,Sp,May,2010,May-10,0,0,0,0,0,0,0,0,0,0,0,0,0,0,0,0,0,0,1,0,0,0,0,0,0,0,9,0,0,0,0,0,0,0,0,0,0,0,0,0,0,0
14187,8,ANF 13-2,20,N,P,Sp,May,2010,May-10,0,0,0,0,0,0,0,0,0,0,0,0,0,0,0,0,0,0,0,0,0,0,0,0,0,0,3,0,0,0,0,0,0,0,0,0,0,0,0,0,0,0
14228,8,ANF 17-1,20,N,P,Sp,May,2010,May-10,0,0,0,0,0,0,0,0,0,0,0,0,0,0,0,0,0,0,0,0,0,0,0,0,3,0,4,0,0,0,0,0,0,0,4,0,0,0,0,0,0,0
14269,8,ANF 66-1,20,N,P,Sp,May,2010,May-10,0,0,0,0,0,0,0,0,2,0,0,0,0,0,0,0,0,0,0,0,0,0,0,0,11,0,2,0,0,0,0,0,0,0,2,0,0,0,0,0,0,1
14310,8,ANF 67-1,20,N,P,Sp,May,2010,May-10,0,0,0,0,0,0,0,0,1,0,0,0,0,0,0,0,0,0,0,0,0,0,0,0,1,3,1,0,2,0,0,0,0,0,0,0,0,0,0,0,0,0
14351,8,ANF 84-1,20,N,P,Sp,May,2010,May-10,0,0,0,0,0,0,0,0,0,0,0,0,0,0,0,0,0,0,0,0,0,0,0,0,0,3,1,0,0,0,0,0,0,0,0,0,0,0,0,0,0,5
14392,8,ANF 85-1,20,N,P,Sp,May,2010,May-10,0,0,0,0,0,0,0,0,1,0,0,0,0,0,0,0,0,0,0,0,0,0,0,0,0,0,0,0,0,0,0,0,0,0,0,0,0,0,0,0,0,0
14433,8,DC 5,15,N,P,Sp,May,2010,May-10,0,0,0,0,0,0,0,0,0,0,0,0,0,0,0,0,0,0,0,0,0,0,0,0,0,0,0,0,0,0,0,0,0,0,5,0,0,0,0,0,0,0
14474,8,DC 6,15,N,P,Sp,May,2010,May-10,0,0,0,0,0,0,0,0,0,0,0,0,0,0,0,0,0,1,0,0,0,0,0,0,0,0,0,0,0,0,0,0,0,0,0,0,0,0,0,0,0,0
14515,8,DC 6-1,15,N,S,Sp,May,2010,May-10,0,0,0,0,0,0,0,0,0,0,0,0,0,0,0,0,0,0,0,0,0,0,0,0,0,0,0,0,0,0,0,0,0,0,1,0,0,1,0,0,0,0
14556,8,DC 7,15,N,P,Sp,May,2010,May-10,0,0,0,0,0,0,0,0,0,0,0,0,0,0,0,0,0,0,0,0,0,0,0,0,0,0,0,0,0,0,0,0,0,0,1,0,0,0,0,0,0,0
14597,8,DC 8,20,N,P,Sp,May,2010,May-10,1,0,0,0,0,0,0,0,2,0,0,0,0,0,0,0,0,1,1,0,1,0,0,0,0,0,3,0,0,0,0,0,0,0,2,0,0,0,0,0,0,0
14638,8,DC 8-2,15,N,S,Sp,May,2010,May-10,5,0,0,0,0,0,0,0,0,0,0,0,0,0,0,0,0,0,0,0,0,0,0,0,0,0,6,0,0,0,0,0,0,0,0,0,0,0,1,0,0,0
14679,8,DC 10-1,15,N,P,Sp,May,2010,May-10,1,0,0,0,0,0,0,0,0,0,0,0,0,0,0,0,0,0,0,0,0,0,0,0,1,0,3,0,0,0,0,0,0,0,5,0,0,0,0,0,1,0
14720,8,DC 13-1,15,N,P,Sp,May,2010,May-10,0,0,0,0,0,0,0,0,0,0,0,0,0,0,0,0,0,0,0,0,0,0,0,0,0,0,0,0,0,0,0,0,0,0,0,0,0,2,0,0,0,0
14761,8,DC 15-2,15,N,P,Sp,May,2010,May-10,0,1,0,0,0,0,0,0,0,0,0,0,0,0,0,2,0,0,0,0,0,0,0,0,0,0,4,0,0,0,0,0,0,0,6,0,0,0,0,0,0,1
14802,8,DC 15-3,15,N,P,Sp,May,2010,May-10,0,0,0,0,0,0,0,0,0,0,0,0,0,0,0,0,0,0,0,0,0,0,0,0,0,0,0,0,0,0,0,0,0,0,2,0,0,0,0,0,0,0
14843,8,DC 17-2,15,N,S,Sp,May,2010,May-10,5,0,0,0,0,0,0,0,0,0,0,0,0,0,0,0,0,0,0,0,0,0,0,0,0,0,0,0,0,0,0,0,0,0,0,0,0,4,0,0,5,0
14884,8,DC 18-1,15,N,P,Sp,May,2010,May-10,0,0,0,0,0,0,0,0,2,0,0,0,0,0,0,0,0,0,0,0,0,4,0,1,0,0,4,0,0,0,0,0,0,0,2,0,0,0,0,0,0,0
14925,8,DC 19-1,15,N,S,Sp,May,2010,May-10,0,0,0,0,0,0,0,0,0,0,0,0,0,0,0,0,0,0,0,0,0,0,0,0,0,0,1,0,0,0,0,0,0,0,0,0,0,0,0,0,0,1
14966,8,DC 19-2,15,N,P,Sp,May,2010,May-10,0,0,0,0,0,0,0,0,0,0,0,0,0,0,0,0,0,0,2,3,1,0,0,0,0,0,0,0,0,0,0,0,0,0,1,0,0,0,0,0,2,0
15007,8,DC 29-1,20,N,P,Sp,May,2010,May-10,0,0,0,0,0,0,0,0,1,0,0,0,0,0,0,0,0,0,0,0,1,0,2,0,0,0,3,0,0,0,0,0,0,0,1,0,0,0,0,0,0,1
15048,8,DC 29-2,20,N,P,Sp,May,2010,May-10,0,0,0,0,0,0,0,0,0,0,0,0,0,0,0,0,0,0,0,0,0,0,0,0,0,0,2,0,0,0,0,0,0,0,2,0,0,0,0,0,0,0
15089,8,DC 29-4,20,N,P,Sp,May,2010,May-10,0,0,0,0,0,0,0,0,0,0,0,0,0,0,0,0,0,1,0,0,0,0,0,0,0,0,22,0,0,0,0,0,0,0,1,0,0,0,0,0,0,0
15130,8,DC 29-5,20,N,T,Sp,May,2010,May-10,0,0,0,0,0,0,0,0,0,0,0,0,0,0,0,0,0,0,0,0,0,0,0,0,0,0,0,0,0,0,0,0,0,0,0,0,0,0,0,0,0,0
15171,8,DC 34-3,20,N,S,Sp,May,2010,May-10,0,0,0,0,0,0,0,0,0,0,0,0,0,0,0,1,0,0,0,0,0,0,0,0,14,0,0,0,6,0,0,0,0,0,0,0,0,5,0,0,0,0
15212,8,DC 36-1,20,N,P,Sp,May,2010,May-10,0,0,0,0,0,0,0,0,0,0,0,0,0,0,0,0,0,0,0,1,0,0,0,0,1,0,6,0,0,0,0,0,0,0,2,0,0,0,0,0,1,3
15253,8,DC 36-2,20,N,T,Sp,May,2010,May-10,0,0,0,0,0,0,0,0,0,0,0,0,0,0,0,0,0,0,0,0,0,0,0,0,0,0,0,0,0,0,0,0,0,0,0,0,0,0,0,0,0,0
15294,8,DC 36-3,20,N,T,Sp,May,2010,May-10,0,0,0,0,0,0,0,0,0,0,0,0,0,0,0,0,0,0,0,0,0,0,0,0,0,0,20,0,0,0,0,0,0,0,0,0,0,0,0,0,0,8
15335,8,DC 55-1,15,N,S,Sp,May,2010,May-10,2,0,0,0,0,0,0,0,0,0,0,0,0,0,0,0,0,0,0,0,0,0,0,0,0,0,12,0,0,0,0,0,0,0,1,0,0,0,0,0,0,0
15376,8,DC 68-1,20,N,P,Sp,May,2010,May-10,0,0,0,0,0,0,0,0,0,0,0,0,0,0,0,0,0,0,0,0,0,0,0,0,0,0,13,0,0,0,0,0,0,0,4,0,0,0,0,0,1,3
15417,8,DC 76-1,20,N,P,Sp,May,2010,May-10,0,0,0,0,0,0,0,0,6,0,0,0,0,0,0,0,0,0,0,0,0,0,1,0,0,0,0,0,0,0,0,0,0,0,0,0,0,0,0,0,0,0
15458,8,DC 76-2,20,N,P,Sp,May,2010,May-10,0,0,0,0,0,0,0,0,0,0,0,0,0,0,0,0,0,0,0,0,0,0,0,0,0,0,10,0,0,0,0,0,0,0,0,0,0,0,0,0,0,1
15499,8,DC 78-1,20,N,P,Sp,May,2010,May-10,0,0,0,0,0,0,0,0,0,0,0,0,0,0,0,0,0,0,0,0,0,0,0,0,0,0,3,0,0,0,0,0,0,0,0,0,1,0,0,0,0,0
15540,8,DC 81-1,20,N,P,Sp,May,2010,May-10,0,0,0,0,0,0,0,0,4,0,0,0,0,0,0,0,0,0,0,0,0,0,0,0,6,0,15,0,0,0,0,0,0,2,1,0,0,0,0,0,1,0
15581,8,DC 82-1,20,N,P,Sp,May,2010,May-10,0,0,0,0,0,0,0,0,0,0,0,0,0,0,0,0,0,0,0,0,0,0,0,0,0,0,0,0,0,0,0,0,0,0,0,0,0,0,0,0,0,0
15622,8,DC 87-1,20,N,P,Sp,May,2010,May-10,0,0,0,0,0,0,0,0,0,0,0,0,0,0,0,0,0,0,0,0,0,0,3,0,0,0,5,0,0,0,0,0,0,0,4,0,0,0,0,0,0,0
15663,8,DC 94-1,20,N,P,Sp,May,2010,May-10,0,0,0,0,0,0,0,0,0,0,0,0,0,0,0,0,0,0,0,0,0,0,0,0,0,0,0,0,0,0,0,0,0,0,32,0,0,0,0,0,0,0
15704,8,DC101-1,20,N,S,Sp,May,2010,May-10,0,0,0,0,0,0,0,0,0,0,0,0,0,0,0,0,0,0,0,0,0,0,0,0,2,4,3,0,13,0,0,0,0,0,0,0,0,0,0,0,1,0
15745,8,DC108-1,20,N,P,Sp,May,2010,May-10,4,0,0,0,0,0,0,0,0,0,0,0,0,0,0,0,0,0,0,0,0,0,0,0,7,0,5,0,0,0,0,0,0,0,51,0,0,0,0,0,2,0
15786,8,DC114-1,20,N,P,Sp,May,2010,May-10,0,0,0,0,0,0,0,0,0,0,0,0,0,0,0,0,0,0,0,0,0,0,0,0,0,0,1,0,0,0,0,0,0,0,1,0,0,0,0,0,0,6
15827,8,DC114-2,20,N,P,Sp,May,2010,May-10,0,0,0,0,0,0,0,0,0,0,0,0,0,0,0,0,0,0,0,0,0,0,0,0,0,0,0,0,0,0,0,0,0,0,2,0,0,0,0,0,0,0
15868,8,DC114-3,20,N,P,Sp,May,2010,May-10,0,0,0,0,0,0,0,0,0,0,0,0,0,0,0,0,0,0,0,0,0,0,0,0,0,0,0,0,0,0,0,0,0,0,1,0,0,0,0,6,0,0
15909,8,DC115-1,20,N,P,Sp,May,2010,May-10,0,0,0,0,0,0,0,0,7,0,0,0,0,0,0,0,0,1,0,0,0,0,0,0,1,0,0,0,0,0,0,0,0,0,0,0,0,0,0,0,0,5
15950,8,DC116-1,20,N,P,Sp,May,2010,May-10,0,0,0,0,0,0,0,0,0,0,0,0,0,0,0,0,0,1,0,0,0,0,0,0,0,0,0,0,0,0,0,0,0,0,0,0,0,0,0,0,0,0
15991,8,DC120-1,20,N,P,Sp,May,2010,May-10,0,0,0,0,0,0,0,0,0,0,0,0,0,0,0,0,0,0,0,0,0,0,0,0,9,0,0,0,0,0,0,0,0,0,1,0,0,0,0,4,0,0
16032,8,DC121-1,20,N,S,Sp,May,2010,May-10,0,0,0,0,0,0,0,0,0,0,0,0,0,0,0,0,0,0,0,0,0,0,0,0,14,0,10,0,0,0,0,0,0,0,0,0,0,0,0,0,3,0
16073,9,ANF  1-1,30,N,S,Su,Jul,2010,Jul-10,0,0,0,0,0,0,0,0,0,0,0,0,0,0,0,0,0,0,0,0,0,0,0,0,0,0,0,0,0,0,0,0,0,0,0,5,0,3,0,0,0,26
16114,9,ANF 11-1,30,N,S,Su,Jul,2010,Jul-10,0,0,0,0,0,0,0,0,0,0,0,0,0,0,0,0,0,0,0,0,0,0,0,0,0,0,0,0,0,0,0,0,0,0,0,0,0,1,0,0,0,0
16155,9,ANF 13-1,30,N,P,Su,Jul,2010,Jul-10,0,0,0,0,0,1,0,0,0,0,0,0,0,0,0,0,1,0,2,0,0,0,0,2,8,0,0,0,0,0,0,0,0,0,0,1,0,6,0,0,6,6
16196,9,ANF 13-2,30,N,P,Su,Jul,2010,Jul-10,0,0,0,0,0,0,0,0,0,0,0,1,0,0,0,0,0,0,0,0,0,0,0,3,0,0,0,0,0,0,0,0,0,0,1,0,0,4,0,0,0,0
16237,9,ANF 17-1,30,N,P,Su,Jul,2010,Jul-10,0,0,0,0,0,0,0,0,0,0,0,0,0,0,0,0,0,0,0,0,0,0,0,1,27,0,0,0,0,0,0,0,0,0,4,0,0,0,0,0,1,4
16278,9,ANF 66-1,30,N,P,Su,Jul,2010,Jul-10,0,0,0,0,0,0,0,0,0,0,0,0,0,0,0,0,0,0,0,1,0,0,0,0,23,0,0,0,0,0,0,0,0,0,8,0,0,0,0,0,2,4
16319,9,ANF 67-1,30,N,P,Su,Jul,2010,Jul-10,0,0,0,0,0,0,0,1,2,8,0,0,0,0,0,0,0,0,0,0,0,0,0,0,8,12,0,0,7,0,0,0,0,0,1,0,0,0,0,0,13,2
16360,9,ANF 84-1,30,N,P,Su,Jul,2010,Jul-10,0,0,0,0,0,0,0,0,0,3,0,2,0,0,0,0,0,0,0,0,0,0,0,0,0,1,0,0,1,0,0,0,0,0,0,0,0,0,0,0,0,0
16401,9,ANF 85-1,30,N,P,Su,Jul,2010,Jul-10,0,0,0,0,0,0,0,0,0,0,0,0,0,0,0,0,0,0,0,0,0,0,0,0,1,0,0,0,0,0,0,0,0,0,1,0,0,0,0,0,0,5
16442,9,DC 5,30,N,P,Su,Jul,2010,Jul-10,0,0,0,0,0,0,0,0,0,0,0,0,0,0,0,0,0,0,0,0,0,0,0,0,0,0,0,0,0,0,0,0,0,0,39,0,0,5,0,0,0,1
16483,9,DC 6,30,N,P,Su,Jul,2010,Jul-10,0,0,0,0,0,0,0,0,0,0,0,0,0,0,0,0,0,0,1,0,0,0,0,3,0,0,0,0,0,0,0,0,0,0,7,0,1,0,0,0,0,5
16524,9,DC 6-1,30,N,S,Su,Jul,2010,Jul-10,0,0,0,0,0,0,0,0,0,0,0,0,0,0,0,0,0,1,0,0,0,0,0,14,0,0,0,0,0,0,0,0,0,0,10,1,0,19,0,0,0,2
16565,9,DC 7,30,N,P,Su,Jul,2010,Jul-10,0,0,0,0,0,0,0,0,0,0,0,0,0,0,0,0,0,0,0,0,0,0,0,9,0,0,0,0,0,0,0,0,0,0,7,0,2,0,0,0,0,3
16606,9,DC 8,30,N,P,Su,Jul,2010,Jul-10,0,0,0,0,0,2,0,0,0,0,0,1,0,0,0,0,0,1,1,0,1,0,0,14,1,0,0,0,2,0,0,0,0,0,2,0,0,1,0,0,2,5
16647,9,DC 8-2,NA,Y,S,Su,Jul,2010,Jul-10,0,0,0,0,0,0,0,0,0,0,0,0,0,0,0,0,0,0,0,0,0,0,0,0,0,0,0,0,0,0,0,0,0,0,0,0,0,0,0,0,0,0
16688,9,DC 10-1,30,N,P,Su,Jul,2010,Jul-10,1,0,0,0,0,0,0,0,0,0,0,0,0,0,0,0,0,2,7,0,0,0,0,5,30,0,0,0,3,0,0,0,0,0,10,0,0,0,0,1,10,7
16729,9,DC 13-1,30,N,P,Su,Jul,2010,Jul-10,0,0,0,0,0,0,0,0,0,0,0,1,0,0,0,0,0,0,0,0,0,0,0,2,0,0,0,0,0,0,0,0,0,0,5,0,0,14,0,0,1,2
16770,9,DC 15-2,30,N,P,Su,Jul,2010,Jul-10,1,10,0,0,0,0,0,0,0,0,0,0,0,0,0,6,0,0,0,0,0,0,0,1,1,0,0,0,5,0,0,0,0,0,3,0,0,7,0,0,20,0
16811,9,DC 15-3,30,N,P,Su,Jul,2010,Jul-10,0,0,0,0,0,0,0,0,0,0,0,0,0,0,0,0,0,0,1,1,6,0,0,32,16,0,0,0,0,0,0,0,0,0,1,0,0,0,0,0,0,7
16852,9,DC 17-2,30,N,S,Su,Jul,2010,Jul-10,0,0,0,0,0,0,0,0,0,0,0,0,0,0,0,17,0,0,0,0,0,0,0,3,1,1,0,0,0,0,0,0,0,0,0,0,0,29,0,0,2,5
16893,9,DC 18-1,30,N,P,Su,Jul,2010,Jul-10,0,0,0,0,0,0,0,0,0,0,0,0,0,0,0,0,0,1,0,11,0,2,0,30,15,0,0,0,0,0,0,0,1,0,3,0,2,0,0,0,0,1
16934,9,DC 19-1,30,N,S,Su,Jul,2010,Jul-10,5,0,0,0,0,0,0,0,0,0,0,0,0,0,0,0,0,0,0,0,0,0,0,0,0,0,0,0,0,0,0,0,0,0,8,0,0,28,0,0,2,6
16975,9,DC 19-2,30,N,P,Su,Jul,2010,Jul-10,1,0,0,0,0,0,0,0,0,0,0,0,0,0,0,0,0,0,5,0,1,0,0,17,3,0,0,0,2,0,0,0,0,0,0,0,0,0,0,0,12,0
17016,9,DC 29-1,30,N,P,Su,Jul,2010,Jul-10,0,0,0,0,0,0,0,3,2,0,0,0,0,0,0,0,0,4,0,0,6,0,0,23,0,0,0,0,11,0,0,0,0,0,1,0,0,0,0,0,0,4
17057,9,DC 29-2,30,N,P,Su,Jul,2010,Jul-10,0,0,0,0,0,0,0,0,0,0,0,0,0,0,0,0,1,0,0,0,0,0,0,20,0,0,0,0,0,0,0,0,0,0,9,0,0,0,0,0,0,8
17098,9,DC 29-4,30,N,P,Su,Jul,2010,Jul-10,0,0,0,0,0,0,0,3,0,0,0,0,0,0,0,0,0,3,0,0,1,1,0,17,2,0,0,0,0,0,0,0,0,0,3,0,1,0,0,0,1,0
17139,9,DC 29-5,30,N,T,Su,Jul,2010,Jul-10,0,0,0,0,0,0,0,0,0,0,0,0,0,0,0,0,0,0,0,0,0,0,0,0,0,0,0,0,0,0,0,0,0,0,0,0,0,0,0,0,0,0
17180,9,DC 34-3,30,N,S,Su,Jul,2010,Jul-10,0,0,0,0,0,0,0,0,0,0,0,0,0,0,0,36,0,0,0,0,0,0,0,1,0,1,0,0,4,0,0,0,0,0,0,9,0,71,0,0,9,0
17221,9,DC 36-1,30,N,P,Su,Jul,2010,Jul-10,0,0,0,0,0,0,0,1,0,0,0,0,0,0,0,0,0,2,0,0,0,0,0,14,0,0,0,0,10,0,0,0,0,0,1,0,1,0,0,0,0,3
17262,9,DC 36-2,30,N,T,Su,Jul,2010,Jul-10,0,0,0,0,0,0,0,0,0,0,0,0,0,0,0,0,0,0,0,0,0,0,0,0,0,0,0,0,0,0,0,0,0,0,11,0,0,0,0,0,0,7
17303,9,DC 36-3,30,N,T,Su,Jul,2010,Jul-10,1,0,0,0,0,0,0,0,0,0,0,0,0,0,0,0,0,0,0,0,0,0,0,0,0,0,0,0,0,0,0,0,0,0,0,2,0,0,0,0,0,1
17344,9,DC 55-1,30,N,S,Su,Jul,2010,Jul-10,6,0,0,0,0,0,0,0,0,0,0,0,0,0,0,0,0,0,0,0,0,0,0,1,2,0,0,0,6,1,0,0,0,0,10,0,0,5,0,0,0,40
17385,9,DC 68-1,30,N,P,Su,Jul,2010,Jul-10,0,0,0,0,0,0,0,0,1,0,0,0,0,0,0,0,0,0,0,0,0,0,0,3,0,2,0,0,11,0,0,0,0,0,5,0,0,0,0,0,4,1
17426,9,DC 76-1,30,N,P,Su,Jul,2010,Jul-10,0,0,0,0,0,0,0,5,13,0,0,0,0,0,0,0,0,0,0,0,0,0,0,18,5,0,0,0,11,0,0,0,0,0,1,0,1,0,0,0,5,0
17467,9,DC 76-2,30,N,P,Su,Jul,2010,Jul-10,0,0,0,1,0,0,0,1,1,0,0,0,0,0,0,0,3,0,0,5,0,0,0,5,0,0,0,0,1,0,0,0,0,0,8,0,0,6,0,0,0,8
17508,9,DC 78-1,30,N,P,Su,Jul,2010,Jul-10,0,0,0,0,0,0,0,3,2,0,0,0,0,0,0,0,0,0,0,0,1,0,0,8,0,0,0,0,0,0,0,0,0,0,0,0,0,0,0,0,0,2
17549,9,DC 81-1,30,N,P,Su,Jul,2010,Jul-10,0,0,0,0,0,0,0,0,0,0,0,1,0,0,0,0,0,0,0,0,0,0,0,3,0,0,0,0,0,0,0,0,0,0,1,0,0,0,0,0,0,5
17590,9,DC 82-1,30,N,P,Su,Jul,2010,Jul-10,1,0,0,0,0,0,0,0,1,0,0,0,0,0,0,0,0,1,0,0,0,0,0,7,8,0,0,0,7,0,0,0,0,0,3,0,1,0,0,0,1,6
17631,9,DC 87-1,30,N,P,Su,Jul,2010,Jul-10,0,0,0,0,0,0,0,1,0,0,0,0,0,0,0,0,0,0,0,0,0,0,0,15,21,0,0,0,2,0,0,0,0,0,11,0,0,0,0,0,4,3
17672,9,DC 94-1,30,N,P,Su,Jul,2010,Jul-10,0,0,0,0,0,0,0,0,0,0,0,0,0,0,0,0,0,0,0,0,0,0,0,0,0,0,0,0,0,0,0,0,0,0,38,0,0,0,0,0,0,3
17713,9,DC101-1,30,N,S,Su,Jul,2010,Jul-10,4,4,0,0,0,0,0,1,0,0,0,0,0,0,0,0,0,0,0,0,0,0,0,0,2,19,0,0,9,0,0,0,0,0,2,0,0,2,0,0,46,8
17754,9,DC108-1,30,N,P,Su,Jul,2010,Jul-10,3,0,0,0,0,0,0,0,0,0,0,0,0,0,0,0,0,0,0,0,0,0,0,0,28,0,0,0,0,0,0,0,0,0,35,0,0,0,0,0,0,0
17795,9,DC114-1,30,N,P,Su,Jul,2010,Jul-10,0,0,0,0,0,0,0,0,1,0,0,0,0,0,0,0,0,1,0,0,0,0,0,2,0,0,0,0,9,0,0,0,0,0,2,0,0,1,0,0,0,13
17836,9,DC114-2,30,N,P,Su,Jul,2010,Jul-10,0,0,0,0,0,0,0,0,0,0,0,0,0,0,0,0,0,0,0,0,0,0,0,1,1,0,0,0,2,0,0,0,0,0,1,0,0,0,0,0,0,2
17877,9,DC114-3,30,N,P,Su,Jul,2010,Jul-10,0,0,0,0,0,0,0,0,0,0,0,0,0,0,0,0,0,0,0,0,0,0,0,0,44,0,0,0,0,0,0,0,0,0,5,0,0,0,0,2,0,0
17918,9,DC115-1,30,N,P,Su,Jul,2010,Jul-10,0,0,0,0,0,0,0,1,3,0,0,3,0,0,0,0,0,0,0,0,0,0,0,6,4,1,0,0,22,0,0,0,0,0,0,0,0,0,0,0,5,0
17959,9,DC116-1,30,N,P,Su,Jul,2010,Jul-10,0,0,0,0,0,0,0,6,4,0,0,0,0,0,0,0,1,9,1,1,0,0,0,15,1,0,0,0,1,0,0,0,0,0,0,0,0,0,0,0,3,0
18000,9,DC120-1,30,N,P,Su,Jul,2010,Jul-10,0,0,0,0,0,0,0,0,0,0,0,0,0,0,0,0,0,0,0,0,0,0,0,0,3,0,0,0,0,0,0,0,0,0,2,0,0,0,0,0,0,0
18041,9,DC121-1,30,N,S,Su,Jul,2010,Jul-10,0,0,0,0,0,0,0,0,0,0,0,0,0,0,0,0,0,0,0,0,0,0,0,0,129,0,0,0,18,0,0,0,0,0,11,0,0,0,0,8,6,3
18082,10,ANF  1-1,24,N,S,F,Oct,2010,Oct-10,1,0,0,0,0,0,0,0,0,0,0,0,0,0,0,0,0,0,0,0,0,0,0,0,0,0,0,0,0,0,0,0,0,0,0,0,0,4,0,0,0,45
18123,10,ANF 11-1,24,N,S,F,Oct,2010,Oct-10,0,0,0,0,0,0,0,0,0,0,0,0,0,0,0,0,0,0,0,0,0,0,0,0,0,0,0,0,0,0,0,0,0,0,0,0,0,5,0,0,0,2
18164,10,ANF 13-1,24,N,P,F,Oct,2010,Oct-10,1,0,0,0,0,0,0,0,14,0,0,1,0,0,0,0,5,1,0,0,0,0,0,8,6,0,2,0,0,0,0,0,0,0,0,0,0,4,0,0,13,26
18205,10,ANF 13-2,24,N,P,F,Oct,2010,Oct-10,0,0,0,0,0,0,0,0,0,0,0,0,0,0,0,0,0,0,0,0,0,0,0,4,0,0,0,0,0,0,0,0,0,0,1,0,0,1,0,0,0,1
18246,10,ANF 17-1,24,N,P,F,Oct,2010,Oct-10,0,0,0,0,0,0,0,0,0,0,0,0,0,0,0,0,1,0,0,0,0,0,0,23,27,0,3,0,0,0,0,0,0,0,19,0,0,0,0,0,0,17
18287,10,ANF 66-1,24,N,P,F,Oct,2010,Oct-10,0,0,0,0,0,0,0,0,1,0,0,0,0,0,0,0,0,0,0,0,0,0,0,0,27,0,0,0,0,0,0,0,0,0,3,0,0,0,0,0,1,2
18328,10,ANF 67-1,24,N,P,F,Oct,2010,Oct-10,0,0,0,0,0,0,0,0,3,0,0,0,0,0,0,0,0,0,0,0,0,0,0,0,29,13,0,0,13,0,0,0,0,0,0,0,0,0,0,0,13,24
18369,10,ANF 84-1,24,N,P,F,Oct,2010,Oct-10,0,0,0,0,0,0,0,0,1,4,0,0,0,0,0,0,0,0,0,0,0,0,0,0,0,1,0,0,0,0,0,0,0,0,1,0,0,0,0,0,0,4
18410,10,ANF 85-1,24,N,P,F,Oct,2010,Oct-10,0,0,0,0,0,0,0,0,0,0,0,0,0,0,0,0,1,0,0,0,0,0,0,0,2,0,0,0,0,0,0,0,0,0,3,0,0,0,0,0,0,7
18451,10,DC 5,24,N,P,F,Oct,2010,Oct-10,10,0,0,0,0,0,0,0,0,0,0,0,0,0,0,0,0,0,0,0,0,0,0,0,0,0,1,0,0,0,0,0,0,0,18,0,0,2,0,0,0,4
18492,10,DC 6,24,N,P,F,Oct,2010,Oct-10,2,0,0,0,0,0,0,0,0,0,0,0,0,0,0,0,0,0,0,0,0,0,0,2,6,0,0,0,0,0,0,0,0,0,0,0,0,1,0,0,2,11
18533,10,DC 6-1,24,N,S,F,Oct,2010,Oct-10,0,0,0,0,0,0,0,0,0,0,0,0,0,0,0,0,0,0,0,0,0,0,0,16,0,0,8,0,0,0,0,0,0,0,5,0,0,17,0,0,3,4
18574,10,DC 7,24,N,P,F,Oct,2010,Oct-10,0,0,0,0,0,0,0,0,0,0,0,0,0,0,0,0,0,0,0,0,0,0,0,8,0,0,0,0,0,0,0,0,0,0,13,0,2,0,0,0,0,31
18615,10,DC 8,24,N,P,F,Oct,2010,Oct-10,0,0,0,0,0,0,0,0,8,1,0,0,0,0,0,0,3,0,0,0,1,0,0,13,0,0,2,0,3,0,0,0,0,0,5,0,2,0,0,0,5,5
18656,10,DC 8-2,NA,Y,S,F,Oct,2010,Oct-10,0,0,0,0,0,0,0,0,0,0,0,0,0,0,0,0,0,0,0,0,0,0,0,0,0,0,0,0,0,0,0,0,0,0,0,0,0,0,0,0,0,0
18697,10,DC 10-1,24,N,P,F,Oct,2010,Oct-10,2,0,0,0,0,0,0,0,8,0,0,0,0,0,0,0,0,4,1,0,0,0,0,11,81,0,0,0,2,0,0,0,0,0,12,0,0,0,0,0,7,40
18738,10,DC 13-1,24,N,P,F,Oct,2010,Oct-10,0,0,0,0,0,0,0,0,0,0,0,1,0,0,0,0,0,0,0,0,0,0,0,4,0,0,0,0,0,0,0,0,0,0,0,0,0,33,0,0,2,9
18779,10,DC 15-2,24,N,P,F,Oct,2010,Oct-10,1,2,0,0,0,0,0,0,0,0,0,0,0,0,0,4,0,0,0,0,0,0,0,0,19,0,1,0,0,0,0,0,0,0,1,0,0,4,0,0,39,5
18820,10,DC 15-3,24,N,P,F,Oct,2010,Oct-10,7,0,0,0,0,0,0,0,6,0,0,0,0,0,0,0,4,0,0,1,3,0,0,18,10,0,1,0,1,0,0,0,0,0,0,0,0,0,0,0,1,4
18861,10,DC 17-2,24,N,S,F,Oct,2010,Oct-10,2,0,0,0,0,0,0,0,0,0,0,0,0,0,0,0,0,0,0,0,0,0,0,1,0,0,0,0,0,0,0,0,0,0,0,0,0,33,0,0,4,19
18902,10,DC 18-1,24,N,P,F,Oct,2010,Oct-10,0,0,0,0,0,0,0,0,32,1,0,0,0,0,0,0,1,0,0,0,0,7,0,30,9,0,1,0,0,0,0,0,1,0,1,0,0,0,0,0,0,4
18943,10,DC 19-1,24,N,S,F,Oct,2010,Oct-10,0,0,0,0,0,0,0,0,0,0,0,0,0,0,0,0,0,0,0,0,0,0,0,0,0,0,0,0,0,0,0,0,0,0,0,0,0,57,0,0,0,13
18984,10,DC 19-2,24,N,P,F,Oct,2010,Oct-10,6,0,0,0,0,0,0,0,44,0,0,0,0,0,0,0,0,0,0,0,0,9,0,98,3,0,0,0,10,0,0,0,0,0,2,0,0,0,0,0,0,9
19025,10,DC 29-1,24,N,P,F,Oct,2010,Oct-10,0,0,0,0,0,0,0,0,3,0,0,2,0,0,0,0,7,0,0,0,3,0,0,18,0,0,1,0,7,0,0,0,0,0,0,0,0,0,0,0,0,12
19066,10,DC 29-2,24,N,P,F,Oct,2010,Oct-10,0,0,0,0,0,0,0,0,1,0,0,0,0,0,0,0,19,0,0,0,0,0,0,19,7,0,5,0,3,0,0,0,0,0,14,0,0,0,0,0,1,15
19107,10,DC 29-4,24,N,P,F,Oct,2010,Oct-10,0,0,0,0,0,0,0,0,26,0,0,1,0,0,0,0,29,1,0,0,3,0,0,30,1,0,3,0,0,0,0,0,1,0,1,0,0,2,0,0,0,17
19148,10,DC 29-5,NA,Y,T,F,Oct,2010,Oct-10,0,0,0,0,0,0,0,0,0,0,0,0,0,0,0,0,0,0,0,0,0,0,0,0,0,0,0,0,0,0,0,0,0,0,0,0,0,0,0,0,0,0
19189,10,DC 34-3,24,N,S,F,Oct,2010,Oct-10,0,0,0,0,0,0,0,0,0,0,0,0,0,0,0,1,0,0,0,0,0,0,0,1,0,0,0,0,0,0,0,0,0,0,0,0,0,97,0,0,17,30
19230,10,DC 36-1,24,N,P,F,Oct,2010,Oct-10,0,0,0,0,0,0,0,0,4,0,0,0,0,0,0,0,8,0,0,0,0,0,0,14,4,0,2,0,2,0,0,0,0,0,0,0,0,0,0,0,3,5
19271,10,DC 36-2,NA,Y,T,F,Oct,2010,Oct-10,0,0,0,0,0,0,0,0,0,0,0,0,0,0,0,0,0,0,0,0,0,0,0,0,0,0,0,0,0,0,0,0,0,0,0,0,0,0,0,0,0,0
19312,10,DC 36-3,12,N,T,F,Oct,2010,Oct-10,0,0,0,0,0,0,0,0,0,0,0,0,0,0,0,0,0,0,0,0,0,0,0,0,3,0,1,0,0,0,0,0,0,0,4,0,0,0,0,0,0,0
19353,10,DC 55-1,24,N,S,F,Oct,2010,Oct-10,28,0,0,0,0,0,0,0,0,0,0,0,0,0,0,0,0,0,0,0,0,0,0,0,2,0,0,0,2,0,0,0,0,0,5,0,0,5,0,0,3,12
19394,10,DC 68-1,24,N,P,F,Oct,2010,Oct-10,2,0,0,0,0,0,0,0,0,0,0,0,0,0,0,0,2,0,0,0,0,0,0,5,34,2,4,0,3,0,0,0,0,0,15,0,0,0,0,0,4,3
19435,10,DC 76-1,24,N,P,F,Oct,2010,Oct-10,1,0,0,0,0,0,0,0,72,0,0,0,0,0,0,0,2,0,0,0,0,0,0,24,18,0,0,0,5,0,0,0,0,0,3,0,0,0,0,0,4,5
19476,10,DC 76-2,24,N,P,F,Oct,2010,Oct-10,0,0,0,1,0,0,0,0,7,0,0,0,0,0,0,0,9,0,0,0,0,0,0,11,0,0,0,0,0,0,0,0,0,0,0,0,0,0,0,0,1,3
19517,10,DC 78-1,24,N,P,F,Oct,2010,Oct-10,0,0,0,0,0,0,0,0,6,0,0,1,0,0,0,0,1,0,0,0,0,1,0,15,1,0,0,0,1,0,0,0,0,0,1,0,2,0,0,0,0,13
19558,10,DC 81-1,24,N,P,F,Oct,2010,Oct-10,0,0,0,0,0,0,0,0,2,0,0,0,0,0,0,0,1,0,0,0,0,0,0,3,9,0,0,0,0,0,0,0,0,0,8,0,0,0,0,0,0,2
19599,10,DC 82-1,24,N,P,F,Oct,2010,Oct-10,4,0,0,0,0,0,2,0,19,0,0,0,0,0,0,0,0,1,0,0,0,0,0,5,26,0,1,0,5,0,0,0,0,0,2,0,0,0,0,0,6,4
19640,10,DC 87-1,24,N,P,F,Oct,2010,Oct-10,0,0,0,0,0,0,0,0,8,0,0,0,0,0,0,0,0,0,0,0,0,0,0,17,20,0,5,0,0,0,0,0,0,0,11,0,0,0,0,0,0,11
19681,10,DC 94-1,24,N,P,F,Oct,2010,Oct-10,0,0,0,0,0,0,0,0,0,0,0,0,0,0,0,0,0,0,0,0,0,0,0,0,0,0,0,0,0,0,0,0,0,0,66,0,0,0,0,0,0,53
19722,10,DC101-1,24,N,S,F,Oct,2010,Oct-10,0,1,0,0,0,0,0,0,0,0,0,0,0,0,0,0,0,0,0,0,0,0,0,0,1,0,0,0,1,0,0,0,0,0,0,0,0,1,0,0,10,6
19763,10,DC108-1,24,N,P,F,Oct,2010,Oct-10,14,0,0,0,0,0,0,0,0,0,0,0,0,0,0,0,0,0,0,0,0,0,0,0,56,0,3,0,0,0,0,0,0,0,49,0,0,0,0,0,4,0
19804,10,DC114-1,24,N,P,F,Oct,2010,Oct-10,0,0,0,0,0,0,0,0,10,0,0,0,0,0,0,0,1,0,0,0,0,0,0,0,2,0,3,0,0,0,0,0,0,0,3,0,0,0,0,0,0,13
19845,10,DC114-2,24,N,P,F,Oct,2010,Oct-10,0,0,0,0,0,0,0,0,2,0,0,1,0,0,0,0,2,0,0,0,0,0,0,5,0,0,0,0,3,0,0,0,0,0,1,0,0,0,0,0,0,3
19886,10,DC114-3,24,N,P,F,Oct,2010,Oct-10,0,0,0,0,0,0,0,0,0,0,0,0,0,0,0,0,0,0,0,0,0,0,0,0,14,0,0,0,0,0,0,0,0,0,0,0,0,0,0,11,0,0
19927,10,DC115-1,24,N,P,F,Oct,2010,Oct-10,0,0,0,0,0,0,1,0,19,0,0,3,0,0,0,0,0,0,1,0,0,0,0,4,2,0,0,0,9,0,0,0,0,0,0,0,0,0,0,0,1,2
19968,10,DC116-1,24,N,P,F,Oct,2010,Oct-10,0,0,0,0,0,0,0,0,20,0,0,0,0,0,0,0,11,0,0,0,2,0,0,11,4,0,0,0,3,0,0,0,0,0,0,0,0,1,0,0,1,15
20009,10,DC120-1,24,N,P,F,Oct,2010,Oct-10,0,0,0,0,0,0,0,0,0,0,0,0,0,0,0,0,0,0,0,0,0,0,0,0,15,0,3,0,0,0,0,0,0,0,0,0,0,0,0,6,0,0
20050,10,DC121-1,24,N,S,F,Oct,2010,Oct-10,2,0,0,0,0,0,0,0,0,0,0,0,0,0,0,0,0,0,0,0,0,0,0,0,8,0,0,0,3,0,0,0,0,0,14,0,0,0,0,0,3,0
20091,11,ANF  1-1,24,N,S,W,Feb,2011,Feb-11,0,0,0,0,0,0,0,0,0,0,0,0,0,0,0,0,0,0,0,0,0,0,0,0,0,0,0,0,0,0,0,0,0,0,1,0,0,5,0,0,0,23
20132,11,ANF 11-1,24,N,S,W,Feb,2011,Feb-11,0,0,0,0,0,0,0,0,0,0,0,0,0,0,0,0,0,0,0,0,0,0,0,0,0,0,0,0,0,0,0,0,0,0,0,0,0,0,0,0,0,1
20173,11,ANF 13-1,24,N,P,W,Feb,2011,Feb-11,3,0,0,0,0,0,0,0,27,0,0,0,0,0,0,0,0,0,19,0,0,0,0,7,4,0,28,0,0,0,1,0,0,0,0,0,0,0,0,0,1,38
20214,11,ANF 13-2,24,N,P,W,Feb,2011,Feb-11,0,0,0,0,0,0,0,0,0,0,0,1,0,0,0,0,0,0,0,0,0,0,0,14,0,0,6,0,0,0,0,0,0,0,0,0,0,2,0,0,0,6
20255,11,ANF 17-1,24,N,P,W,Feb,2011,Feb-11,0,0,0,0,0,0,0,0,1,0,0,0,0,0,0,0,0,0,0,0,0,0,0,25,6,0,6,0,0,0,0,0,0,0,19,0,0,0,0,0,0,8
20296,11,ANF 66-1,24,N,P,W,Feb,2011,Feb-11,0,0,0,0,0,0,0,0,0,0,0,0,0,0,0,0,0,0,0,0,0,0,0,0,23,0,3,0,0,0,0,0,0,0,2,0,0,0,0,0,0,5
20337,11,ANF 67-1,24,N,P,W,Feb,2011,Feb-11,0,0,0,0,0,0,0,0,1,0,1,0,0,0,0,0,0,0,0,0,0,0,0,2,0,0,0,0,2,0,0,0,0,0,0,0,0,0,0,0,0,1
20378,11,ANF 84-1,24,N,P,W,Feb,2011,Feb-11,0,0,0,0,0,0,0,0,0,0,0,0,0,0,0,0,0,0,0,0,0,0,0,0,0,0,0,0,0,0,0,0,0,0,0,0,0,0,0,0,0,0
20419,11,ANF 85-1,24,N,P,W,Feb,2011,Feb-11,0,0,0,0,0,0,0,0,1,0,0,0,0,0,0,0,0,0,0,0,0,0,0,0,2,0,1,0,0,0,0,0,0,0,2,0,0,0,0,0,0,3
20460,11,DC 5,24,N,P,W,Feb,2011,Feb-11,6,0,0,0,0,0,0,0,0,0,0,0,0,0,0,0,0,0,0,0,0,0,0,0,0,0,3,0,0,0,0,0,0,0,20,0,1,4,0,0,0,4
20501,11,DC 6,24,N,P,W,Feb,2011,Feb-11,3,0,0,0,0,0,0,0,0,0,0,0,0,0,0,0,0,0,10,0,0,0,0,3,5,0,61,0,0,0,0,0,0,0,11,0,0,3,0,0,0,5
20542,11,DC 6-1,24,N,S,W,Feb,2011,Feb-11,0,0,0,0,0,0,0,0,0,0,0,0,0,0,0,0,0,0,0,0,0,0,0,3,0,0,0,0,0,0,0,0,0,0,3,0,0,8,0,0,0,8
20583,11,DC 7,24,N,P,W,Feb,2011,Feb-11,0,0,0,0,0,0,0,0,0,0,0,0,0,0,0,0,0,0,0,0,0,0,0,6,0,0,0,0,0,0,0,0,0,0,3,0,1,0,0,0,0,9
20624,11,DC 8,24,N,P,W,Feb,2011,Feb-11,1,0,0,0,0,0,0,0,7,0,0,0,0,0,0,0,3,0,0,0,2,1,0,2,1,0,6,0,3,0,1,0,0,0,2,0,0,0,0,0,0,6
20665,11,DC 8-2,NA,Y,S,W,Feb,2011,Feb-11,0,0,0,0,0,0,0,0,0,0,0,0,0,0,0,0,0,0,0,0,0,0,0,0,0,0,0,0,0,0,0,0,0,0,0,0,0,0,0,0,0,0
20706,11,DC 10-1,24,N,P,W,Feb,2011,Feb-11,3,0,0,0,0,0,0,0,3,0,0,0,0,0,0,0,0,12,6,0,0,0,0,3,21,0,12,0,0,1,0,0,0,0,9,0,0,0,0,0,0,9
20747,11,DC 13-1,24,N,P,W,Feb,2011,Feb-11,0,0,0,0,0,0,0,0,0,0,0,1,0,0,0,0,10,0,0,0,0,0,0,3,0,0,0,0,0,0,0,0,0,0,0,0,0,33,0,0,12,5
20788,11,DC 15-2,24,N,P,W,Feb,2011,Feb-11,0,4,0,0,0,0,0,0,0,0,0,0,0,0,0,28,0,0,0,0,0,0,0,0,3,0,0,0,0,0,0,0,0,0,3,0,0,8,0,0,11,4
20829,11,DC 15-3,24,N,P,W,Feb,2011,Feb-11,0,0,0,0,0,0,1,0,2,0,0,0,0,0,0,0,7,1,0,0,0,0,0,13,0,0,5,0,2,0,0,0,0,0,1,0,0,0,0,0,0,11
20870,11,DC 17-2,24,N,S,W,Feb,2011,Feb-11,0,0,0,0,0,0,0,0,0,0,0,0,0,0,0,2,1,0,0,0,0,0,0,0,0,0,0,0,0,0,0,0,0,0,0,0,0,25,0,0,0,2
20911,11,DC 18-1,24,N,P,W,Feb,2011,Feb-11,0,0,0,0,0,0,0,0,12,0,0,0,0,0,0,0,3,0,0,3,0,6,0,22,2,0,4,0,0,0,0,0,0,0,0,0,0,0,0,0,0,0
20952,11,DC 19-1,24,N,S,W,Feb,2011,Feb-11,0,0,0,0,0,0,0,0,0,0,0,0,0,0,0,0,0,0,0,0,0,0,0,0,0,0,0,0,0,0,0,0,0,0,0,0,0,43,0,0,0,3
20993,11,DC 19-2,24,N,P,W,Feb,2011,Feb-11,1,0,0,0,0,0,0,0,39,0,0,0,0,0,0,0,20,0,19,5,0,10,0,36,0,0,7,0,3,0,0,0,0,0,0,0,0,0,0,0,0,14
21034,11,DC 29-1,24,N,P,W,Feb,2011,Feb-11,0,0,0,0,0,0,0,0,2,0,0,0,0,0,0,0,8,1,0,0,7,0,0,4,0,0,2,0,13,0,0,0,0,0,0,0,0,6,0,0,0,11
21075,11,DC 29-2,24,N,P,W,Feb,2011,Feb-11,0,0,0,0,0,0,0,0,1,0,0,0,0,0,0,0,8,0,0,0,0,0,0,9,0,0,4,0,0,0,0,0,0,0,2,0,0,0,0,0,0,4
21116,11,DC 29-4,24,N,P,W,Feb,2011,Feb-11,1,0,0,0,0,0,0,0,2,0,0,1,0,0,0,0,15,0,3,0,0,1,0,11,2,0,4,0,0,0,0,0,0,0,0,0,2,0,0,0,0,3
21157,11,DC 29-5,24,N,T,W,Feb,2011,Feb-11,0,0,0,0,0,0,0,0,0,0,0,0,0,0,0,0,0,0,0,0,0,0,0,0,0,0,0,0,0,0,0,0,0,0,0,0,0,0,0,0,0,0
21198,11,DC 34-3,24,N,S,W,Feb,2011,Feb-11,0,0,0,0,0,0,0,0,0,0,0,0,0,0,0,7,0,0,0,0,0,0,0,0,0,0,0,0,1,0,0,0,0,0,0,0,0,52,0,0,5,20
21239,11,DC 36-1,24,N,P,W,Feb,2011,Feb-11,0,0,0,0,0,0,0,0,1,0,0,0,0,0,0,0,10,1,0,0,1,0,0,4,0,0,0,0,5,0,0,0,0,0,0,0,0,1,0,0,0,4
21280,11,DC 36-2,24,N,T,W,Feb,2011,Feb-11,0,0,0,0,0,0,0,0,0,0,0,0,0,0,0,0,0,0,0,0,0,0,0,0,0,0,0,0,0,0,0,0,0,0,0,0,0,0,0,0,0,0
21321,11,DC 36-3,24,N,T,W,Feb,2011,Feb-11,0,0,0,0,0,0,0,0,0,0,0,0,0,0,0,0,0,0,0,0,0,0,0,0,0,0,0,0,0,0,0,0,0,0,2,0,0,0,0,0,0,1
21362,11,DC 55-1,24,N,S,W,Feb,2011,Feb-11,1,0,0,0,0,0,0,0,0,0,0,0,0,0,0,0,0,0,0,0,0,0,0,0,0,0,0,0,1,0,0,0,0,0,0,0,0,0,0,0,0,2
21403,11,DC 68-1,24,N,P,W,Feb,2011,Feb-11,1,0,0,0,0,0,0,0,0,0,0,0,0,0,0,0,1,0,0,0,0,0,0,0,14,0,9,0,3,0,0,0,0,0,2,0,0,0,0,0,0,2
21444,11,DC 76-1,24,N,P,W,Feb,2011,Feb-11,0,0,0,0,0,0,0,0,25,0,0,0,0,0,0,0,7,0,0,0,0,0,0,16,6,0,10,0,3,0,0,0,0,0,0,0,0,0,0,0,0,0
21485,11,DC 76-2,24,N,P,W,Feb,2011,Feb-11,0,0,0,1,0,0,0,0,5,0,0,0,0,0,0,0,5,0,0,1,0,0,0,10,1,0,0,0,2,0,0,0,0,0,2,0,0,0,0,0,0,1
21526,11,DC 78-1,24,N,P,W,Feb,2011,Feb-11,0,0,0,0,0,0,0,0,0,0,0,0,0,0,0,0,1,0,0,0,2,0,0,2,0,0,0,0,0,0,0,0,0,0,0,0,0,0,0,0,0,2
21567,11,DC 81-1,24,N,P,W,Feb,2011,Feb-11,0,0,0,0,0,0,0,0,2,0,0,0,0,0,0,0,0,0,0,0,0,0,0,2,0,0,0,0,0,0,0,0,0,0,4,0,0,0,0,0,0,1
21608,11,DC 82-1,24,N,P,W,Feb,2011,Feb-11,0,0,0,0,0,0,0,0,9,0,0,0,0,0,0,0,3,0,0,0,0,0,0,0,1,0,2,0,3,0,0,0,0,1,2,0,0,0,0,0,1,6
21649,11,DC 87-1,24,N,P,W,Feb,2011,Feb-11,0,0,0,0,0,0,0,0,0,0,0,0,0,0,0,0,0,0,0,0,0,0,0,8,5,0,16,0,0,0,0,0,0,0,5,0,0,0,0,0,0,18
21690,11,DC 94-1,24,N,P,W,Feb,2011,Feb-11,0,0,0,0,0,0,0,0,0,0,0,0,0,0,0,0,0,0,0,0,0,0,0,0,0,0,0,0,0,0,0,0,0,0,102,0,0,0,0,0,0,39
21731,11,DC101-1,24,N,S,W,Feb,2011,Feb-11,0,0,0,0,0,0,0,0,0,0,0,0,0,0,0,0,0,0,0,0,0,0,0,0,0,0,0,0,1,0,0,0,0,0,0,0,0,2,0,0,1,3
21772,11,DC108-1,24,N,P,W,Feb,2011,Feb-11,10,0,0,0,0,0,0,0,0,0,0,0,0,0,0,0,0,0,0,0,0,0,0,0,34,0,35,0,0,0,0,0,0,0,27,0,0,0,0,0,3,5
21813,11,DC114-1,24,N,P,W,Feb,2011,Feb-11,0,0,0,0,0,0,1,0,4,0,0,0,0,0,0,0,1,0,0,0,0,0,0,1,1,0,15,0,3,0,0,0,0,0,0,0,0,0,0,0,0,6
21854,11,DC114-2,24,N,P,W,Feb,2011,Feb-11,0,0,0,0,0,0,0,0,0,0,0,0,0,0,0,0,3,0,0,0,0,0,0,1,0,0,1,0,0,0,0,0,0,0,0,0,0,0,0,0,0,1
21895,11,DC114-3,24,N,P,W,Feb,2011,Feb-11,0,0,0,0,0,0,0,0,0,0,0,0,0,0,0,0,0,0,0,0,0,0,0,0,5,0,0,0,0,0,0,0,0,0,1,0,0,0,0,2,0,1
21936,11,DC115-1,24,N,P,W,Feb,2011,Feb-11,0,0,0,0,0,0,0,0,27,0,0,0,0,0,0,0,3,5,3,0,0,0,0,1,1,0,4,0,3,0,0,0,0,0,0,0,0,0,0,0,0,6
21977,11,DC116-1,24,N,P,W,Feb,2011,Feb-11,0,0,0,0,0,0,0,0,1,0,0,0,0,0,0,0,14,0,0,1,3,0,0,0,2,0,0,0,3,0,0,0,0,0,0,0,0,0,0,0,0,5
22018,11,DC120-1,24,N,P,W,Feb,2011,Feb-11,0,0,0,0,0,0,0,0,0,0,0,0,0,0,0,0,0,0,0,0,0,0,0,0,29,0,3,0,0,0,0,0,0,0,12,0,0,0,0,5,0,1
22059,11,DC121-1,24,N,S,W,Feb,2011,Feb-11,0,0,0,0,0,0,0,0,0,0,0,0,0,0,0,0,0,0,0,0,0,0,0,0,1,0,2,0,0,0,0,0,0,0,2,0,0,0,0,0,2,0
22100,12,ANF  1-1,24,N,S,Sp,May,2011,May-11,0,0,0,0,0,0,0,0,0,0,0,0,0,0,0,0,0,0,0,0,0,0,0,0,0,0,0,0,0,0,0,0,0,0,0,0,0,0,0,0,0,0
22141,12,ANF 11-1,24,N,S,Sp,May,2011,May-11,0,0,0,0,0,0,0,0,0,0,0,0,0,0,0,0,0,0,0,0,0,0,0,0,0,0,0,0,0,0,0,0,0,0,0,0,0,0,0,0,0,0
22182,12,ANF 13-1,24,N,P,Sp,May,2011,May-11,0,0,0,0,0,0,0,0,14,1,0,0,0,0,0,0,1,1,0,2,0,0,0,0,1,0,12,0,0,0,0,0,0,0,1,0,0,0,0,0,0,5
22223,12,ANF 13-2,24,N,P,Sp,May,2011,May-11,0,0,0,0,0,0,0,0,0,0,0,0,0,0,0,0,0,0,0,0,0,0,0,0,0,0,0,0,0,0,0,0,0,0,0,0,0,0,0,0,0,5
22264,12,ANF 17-1,24,N,P,Sp,May,2011,May-11,0,0,0,0,0,0,0,0,0,0,0,0,0,0,0,0,0,0,0,0,0,0,0,0,4,0,0,0,0,0,0,0,0,0,28,0,0,0,0,0,0,3
22305,12,ANF 66-1,24,N,P,Sp,May,2011,May-11,0,0,0,0,0,0,0,0,0,0,0,0,0,0,0,0,0,0,0,0,0,0,0,0,6,0,1,0,0,0,0,0,0,0,0,0,0,0,0,0,0,1
22346,12,ANF 67-1,24,N,P,Sp,May,2011,May-11,0,0,0,0,0,0,0,0,0,0,0,0,0,0,0,0,0,0,0,0,0,0,0,0,1,0,0,0,5,0,0,0,0,0,0,0,0,0,0,0,0,0
22387,12,ANF 84-1,24,N,P,Sp,May,2011,May-11,0,0,0,0,0,0,0,0,0,3,0,0,0,0,0,0,0,0,0,0,0,0,0,0,0,1,0,0,0,0,0,0,0,0,0,0,0,0,0,0,0,0
22428,12,ANF 85-1,24,N,P,Sp,May,2011,May-11,0,0,0,0,0,0,0,0,2,0,0,0,0,0,0,0,0,0,0,0,0,0,0,0,0,0,0,0,0,0,0,0,0,0,4,0,0,0,0,0,0,0
22469,12,DC 5,24,N,P,Sp,May,2011,May-11,0,0,0,0,0,0,0,0,0,0,0,0,0,0,0,0,0,0,0,0,0,0,0,0,0,0,0,0,0,0,0,0,0,0,19,0,0,1,0,0,0,5
22510,12,DC 6,24,N,P,Sp,May,2011,May-11,1,0,0,0,0,0,0,0,0,0,0,0,0,0,0,0,0,1,2,0,0,0,0,0,4,0,16,0,0,0,0,0,0,0,51,0,0,0,0,0,0,5
22551,12,DC 6-1,24,N,S,Sp,May,2011,May-11,0,0,0,0,0,0,0,0,0,0,0,0,0,0,0,0,0,0,0,0,0,0,0,0,0,0,0,0,0,0,0,0,0,0,13,0,0,2,0,0,1,8
22592,12,DC 7,24,N,P,Sp,May,2011,May-11,0,0,0,0,0,0,0,0,0,0,0,0,0,0,0,0,0,0,0,0,0,0,0,0,0,0,0,0,0,0,0,0,0,0,7,0,3,0,0,0,0,1
22633,12,DC 8,24,N,P,Sp,May,2011,May-11,0,0,0,0,0,0,0,0,7,0,0,3,0,0,0,0,0,0,0,0,0,0,0,1,0,0,2,0,0,0,0,1,0,0,6,0,0,0,0,0,0,1
22674,12,DC 8-2,NA,Y,S,Sp,May,2011,May-11,0,0,0,0,0,0,0,0,0,0,0,0,0,0,0,0,0,0,0,0,0,0,0,0,0,0,0,0,0,0,0,0,0,0,0,0,0,0,0,0,0,0
22715,12,DC 10-1,24,N,P,Sp,May,2011,May-11,0,0,0,0,0,0,0,0,3,0,0,0,0,0,0,0,0,1,2,0,0,0,0,0,11,0,3,0,0,0,0,0,0,0,7,0,0,0,0,0,0,4
22756,12,DC 13-1,24,N,P,Sp,May,2011,May-11,0,0,0,0,0,0,0,0,0,0,0,0,0,0,0,0,0,0,0,0,0,0,0,0,0,0,0,0,0,0,0,0,0,0,1,0,0,10,0,0,1,2
22797,12,DC 15-2,24,N,P,Sp,May,2011,May-11,1,0,0,0,0,0,0,0,0,0,0,0,0,0,0,52,0,0,0,0,0,0,0,0,2,0,0,0,0,0,0,0,0,0,80,0,0,0,0,0,7,3
22838,12,DC 15-3,24,N,P,Sp,May,2011,May-11,0,0,0,0,0,0,0,0,1,0,0,1,0,0,0,0,0,0,0,0,2,0,0,2,0,0,7,0,0,0,0,0,0,0,15,0,0,0,0,0,0,7
22879,12,DC 17-2,24,N,S,Sp,May,2011,May-11,0,0,0,0,0,0,0,0,0,0,0,0,0,0,0,0,0,0,0,0,0,0,0,0,0,0,21,0,0,0,0,0,0,0,0,0,0,3,0,0,0,6
22920,12,DC 18-1,24,N,P,Sp,May,2011,May-11,0,0,0,0,0,0,0,0,15,0,0,0,0,0,0,0,0,0,0,0,0,4,0,2,1,0,4,0,0,0,0,0,0,0,9,0,0,0,0,0,0,4
22961,12,DC 19-1,24,N,S,Sp,May,2011,May-11,0,0,0,0,0,0,0,0,0,0,0,0,0,0,0,0,0,0,0,0,0,0,0,0,0,0,0,0,0,0,0,0,0,0,0,0,0,22,0,0,0,7
23002,12,DC 19-2,24,N,P,Sp,May,2011,May-11,1,0,0,0,0,0,0,0,36,0,0,0,0,0,0,0,0,0,0,2,1,11,0,0,0,0,3,0,0,0,0,0,0,0,12,0,0,1,0,0,0,14
23043,12,DC 29-1,24,N,P,Sp,May,2011,May-11,0,0,0,0,0,0,0,0,6,0,0,0,0,0,0,0,0,0,0,0,1,0,0,3,0,0,2,0,0,0,0,0,0,0,0,0,0,0,0,0,0,5
23084,12,DC 29-2,24,N,P,Sp,May,2011,May-11,0,0,0,0,0,0,0,0,0,0,0,0,0,0,0,0,1,0,0,0,0,0,0,0,0,0,1,0,0,0,0,0,0,0,11,0,0,0,0,0,0,3
23125,12,DC 29-4,24,N,P,Sp,May,2011,May-11,0,0,0,0,0,0,0,0,3,0,0,0,0,0,0,0,0,0,0,0,0,0,0,0,4,0,1,0,0,0,0,0,0,0,2,0,0,0,0,0,0,5
23166,12,DC 29-5,5,N,T,Sp,May,2011,May-11,0,0,0,0,0,0,0,0,0,0,0,0,0,0,1,0,0,0,0,0,0,0,0,0,0,0,0,0,0,0,0,0,0,0,0,0,0,0,0,0,0,0
23207,12,DC 34-3,24,N,S,Sp,May,2011,May-11,0,0,0,0,0,0,0,0,0,0,0,0,0,0,0,0,0,0,0,0,0,0,0,0,0,0,0,0,0,0,0,0,0,0,0,0,0,39,0,0,1,8
23248,12,DC 36-1,24,N,P,Sp,May,2011,May-11,0,0,0,0,0,0,0,0,3,0,0,0,0,0,0,0,0,0,0,0,0,0,0,0,1,0,11,0,0,0,0,0,0,0,0,0,0,1,0,0,0,4
23289,12,DC 36-2,24,N,T,Sp,May,2011,May-11,0,0,0,0,0,0,0,0,0,0,0,0,0,0,0,0,0,0,0,0,0,0,0,0,0,0,0,0,0,0,0,0,0,0,0,0,0,0,0,0,0,0
23330,12,DC 36-3,24,N,T,Sp,May,2011,May-11,0,0,0,0,0,0,0,0,0,0,0,0,0,0,0,0,0,0,0,0,0,0,0,0,0,0,0,0,0,0,0,0,0,0,0,0,0,0,0,0,0,0
23371,12,DC 55-1,24,N,S,Sp,May,2011,May-11,0,0,0,0,0,0,0,0,0,0,0,0,0,0,1,0,0,0,0,0,0,0,0,0,0,0,0,0,0,0,0,0,0,0,0,0,0,0,0,0,0,5
23412,12,DC 68-1,24,N,P,Sp,May,2011,May-11,0,0,0,0,0,0,0,0,0,0,0,0,0,0,0,0,0,0,0,0,0,0,0,0,4,0,1,0,0,0,0,0,0,0,1,0,0,0,0,0,0,0
23453,12,DC 76-1,24,N,P,Sp,May,2011,May-11,0,0,0,0,0,0,0,0,31,0,0,0,0,0,0,0,0,0,0,0,0,0,0,0,1,0,0,0,0,0,0,0,0,1,5,0,0,0,0,0,0,1
23494,12,DC 76-2,24,N,P,Sp,May,2011,May-11,0,0,0,1,0,0,0,0,1,0,0,0,0,0,0,0,0,0,0,0,0,0,0,0,0,0,0,0,0,0,0,0,0,0,2,0,0,1,0,0,0,1
23535,12,DC 78-1,24,N,P,Sp,May,2011,May-11,0,0,0,0,0,0,0,0,2,0,0,0,0,0,0,0,0,0,0,0,0,0,0,0,0,0,3,0,0,0,0,0,0,0,2,0,3,0,0,0,0,7
23576,12,DC 81-1,24,N,P,Sp,May,2011,May-11,0,0,0,0,0,0,0,0,3,0,0,0,0,0,0,0,0,0,0,0,0,0,0,0,0,0,0,0,0,0,0,0,0,0,4,0,0,0,0,0,0,0
23617,12,DC 82-1,24,N,P,Sp,May,2011,May-11,0,0,0,0,0,0,0,0,4,1,0,0,0,0,0,0,0,0,0,0,1,0,0,0,1,0,1,0,0,0,0,0,0,0,1,0,0,0,0,0,2,2
23658,12,DC 87-1,24,N,P,Sp,May,2011,May-11,0,0,0,0,0,0,0,0,0,0,0,0,0,0,0,0,0,0,0,0,0,0,0,0,5,0,2,0,0,0,0,0,0,0,7,0,0,0,0,0,0,2
23699,12,DC 94-1,24,N,P,Sp,May,2011,May-11,0,0,0,0,0,0,0,0,0,0,0,0,0,0,0,0,0,0,0,0,0,0,0,0,0,0,0,0,0,0,0,0,0,0,121,0,0,0,0,0,0,26
23740,12,DC101-1,24,N,S,Sp,May,2011,May-11,0,0,0,0,0,0,0,0,0,0,0,0,0,0,0,0,0,0,0,0,0,0,0,0,0,0,0,0,0,0,0,0,0,0,0,0,0,0,0,0,0,7
23781,12,DC108-1,24,N,P,Sp,May,2011,May-11,1,0,0,0,0,0,0,0,0,0,0,0,0,0,0,0,0,0,0,0,0,0,0,0,25,0,23,0,0,0,0,0,0,0,54,0,0,0,0,0,2,0
23822,12,DC114-1,24,N,P,Sp,May,2011,May-11,0,0,0,0,0,0,0,0,2,0,0,1,0,0,0,0,0,0,0,0,0,0,0,0,0,0,0,0,0,0,0,0,0,0,3,0,0,0,0,0,0,11
23863,12,DC114-2,24,N,P,Sp,May,2011,May-11,0,0,0,0,0,0,0,0,1,0,0,0,0,0,0,0,0,0,0,0,0,0,0,0,0,0,0,0,0,0,0,0,0,0,3,0,0,0,0,0,0,0
23904,12,DC114-3,24,N,P,Sp,May,2011,May-11,0,0,0,0,0,0,0,0,0,0,0,0,0,0,0,0,0,0,0,0,0,0,0,0,6,0,0,0,0,0,0,0,0,0,0,0,0,0,0,9,0,0
23945,12,DC115-1,24,N,P,Sp,May,2011,May-11,0,0,0,0,0,0,0,0,6,0,0,0,0,0,0,0,0,3,0,0,0,0,0,0,5,0,3,0,0,0,0,0,0,0,2,0,0,0,0,0,1,4
23986,12,DC116-1,24,N,P,Sp,May,2011,May-11,0,0,0,0,0,0,0,0,6,0,0,3,0,0,0,0,2,0,0,0,0,0,0,1,0,0,0,0,0,0,0,0,0,0,0,0,0,0,0,0,0,8
24027,12,DC120-1,24,N,P,Sp,May,2011,May-11,0,0,0,0,0,0,0,0,0,0,0,0,0,0,0,0,0,0,0,0,0,0,0,0,18,0,0,0,0,0,0,0,0,0,7,0,0,0,0,6,0,0
24068,12,DC121-1,24,N,S,Sp,May,2011,May-11,7,0,0,0,0,0,0,0,0,0,0,0,0,0,0,0,0,0,0,0,0,0,0,0,0,0,20,0,0,0,0,0,0,0,1,0,0,0,0,0,0,2
24109,13,ANF  1-1,NA,Y,S,Su,Jul,2011,Jul-11,0,0,0,0,0,0,0,0,0,0,0,0,0,0,0,0,0,0,0,0,0,0,0,0,0,0,0,0,0,0,0,0,0,0,0,0,0,0,0,0,0,0
24150,13,ANF 11-1,10,N,S,Su,Jul,2011,Jul-11,0,0,0,0,0,0,0,0,0,0,0,0,0,0,0,0,0,0,0,0,0,0,0,0,0,0,0,0,0,0,0,0,0,0,0,8,0,0,0,0,0,0
24191,13,ANF 13-1,24,N,P,Su,Jul,2011,Jul-11,0,0,0,0,0,0,0,0,2,0,0,8,1,0,0,0,0,0,1,0,0,0,0,2,4,0,3,0,12,0,0,0,0,0,0,0,0,0,0,0,1,15
24232,13,ANF 13-2,24,N,P,Su,Jul,2011,Jul-11,0,0,0,0,0,0,0,0,0,0,0,1,0,0,0,0,0,0,0,0,0,0,0,2,0,0,0,0,0,0,0,0,0,0,0,4,0,1,0,0,0,0
24273,13,ANF 17-1,24,N,P,Su,Jul,2011,Jul-11,0,0,0,0,0,0,0,0,0,0,0,0,0,0,0,0,0,0,0,0,0,0,0,15,8,0,0,0,5,0,0,0,0,0,3,0,0,5,0,0,4,5
24314,13,ANF 66-1,24,N,P,Su,Jul,2011,Jul-11,0,0,0,0,0,0,1,0,0,0,0,0,0,0,0,0,0,0,0,0,0,0,0,8,2,0,2,0,1,0,0,0,0,0,3,0,0,0,0,0,0,1
24355,13,ANF 67-1,24,N,P,Su,Jul,2011,Jul-11,0,0,0,0,0,0,0,0,1,0,0,0,0,0,0,0,0,0,0,0,0,0,0,0,3,0,0,0,2,0,0,0,0,0,1,0,0,0,0,0,9,4
24396,13,ANF 84-1,24,N,P,Su,Jul,2011,Jul-11,0,0,0,0,0,0,0,0,0,8,0,0,0,0,0,0,0,0,0,0,0,0,0,0,6,0,1,0,2,0,0,0,0,0,0,0,0,0,0,0,0,0
24437,13,ANF 85-1,24,N,P,Su,Jul,2011,Jul-11,0,0,0,0,0,0,0,0,0,0,0,0,0,0,0,0,0,0,0,0,0,0,0,0,0,0,1,0,0,0,0,0,0,0,3,0,0,0,0,0,0,5
24478,13,DC 5,24,N,P,Su,Jul,2011,Jul-11,0,0,0,0,0,0,0,0,0,0,0,0,0,0,0,0,0,0,0,0,0,0,0,0,0,0,0,0,0,0,0,0,0,0,5,0,1,13,0,0,0,0
24519,13,DC 6,24,N,P,Su,Jul,2011,Jul-11,0,0,0,0,0,0,0,0,0,0,0,0,0,0,0,0,0,3,1,0,0,0,0,2,18,0,35,0,0,0,0,0,0,0,31,0,0,2,0,0,2,0
24560,13,DC 6-1,24,N,S,Su,Jul,2011,Jul-11,0,0,0,0,0,0,0,0,0,0,0,0,0,0,0,0,0,0,0,0,0,0,0,1,0,0,0,0,0,0,0,0,0,0,8,0,0,22,0,0,5,0
24601,13,DC 7,24,N,P,Su,Jul,2011,Jul-11,0,0,0,0,0,0,0,0,0,0,0,0,0,0,0,0,0,0,0,0,0,0,0,2,1,0,0,0,0,0,0,0,0,0,14,0,1,0,0,0,0,8
24642,13,DC 8,24,N,P,Su,Jul,2011,Jul-11,0,0,0,0,0,1,0,0,0,0,0,1,0,0,0,0,0,0,0,0,2,0,0,8,0,0,3,0,17,0,0,0,0,0,3,0,0,13,0,0,0,0
24683,13,DC 8-2,NA,Y,S,Su,Jul,2011,Jul-11,0,0,0,0,0,0,0,0,0,0,0,0,0,0,0,0,0,0,0,0,0,0,0,0,0,0,0,0,0,0,0,0,0,0,0,0,0,0,0,0,0,0
24724,13,DC 10-1,24,N,P,Su,Jul,2011,Jul-11,0,0,0,0,0,0,0,0,0,0,0,0,0,0,0,0,0,2,7,0,0,0,0,13,23,0,2,0,8,0,0,0,0,0,1,0,0,29,0,0,5,4
24765,13,DC 13-1,24,N,P,Su,Jul,2011,Jul-11,0,0,0,0,0,0,0,0,0,0,0,0,0,0,0,0,0,0,0,0,0,0,0,0,4,0,0,0,0,0,0,0,0,0,6,0,0,45,0,0,1,0
24806,13,DC 15-2,24,N,P,Su,Jul,2011,Jul-11,1,4,0,0,0,0,0,0,0,0,0,0,0,0,0,20,0,0,0,0,0,0,0,0,3,0,0,0,0,0,0,0,0,0,20,0,0,41,0,0,5,0
24847,13,DC 15-3,24,N,P,Su,Jul,2011,Jul-11,0,0,0,0,0,0,0,0,0,0,0,0,0,0,0,0,0,0,0,0,1,2,0,12,0,0,0,0,4,0,0,0,0,0,0,0,0,5,0,0,0,2
24888,13,DC 17-2,24,N,S,Su,Jul,2011,Jul-11,0,0,0,0,0,0,0,0,0,0,0,0,0,0,0,22,0,0,0,0,0,0,0,0,0,0,0,0,0,0,0,0,0,0,0,0,0,10,0,0,0,0
24929,13,DC 18-1,24,N,P,Su,Jul,2011,Jul-11,0,0,0,0,0,0,0,0,0,0,0,0,0,0,0,0,0,0,0,0,0,1,0,18,3,0,0,0,4,0,0,0,0,0,0,0,0,0,0,0,0,0
24970,13,DC 19-1,24,N,S,Su,Jul,2011,Jul-11,0,0,0,0,0,0,0,0,0,0,0,0,0,0,0,0,0,0,0,0,0,0,0,0,0,0,0,0,0,0,0,0,0,0,1,0,0,141,0,0,0,0
25011,13,DC 19-2,24,N,P,Su,Jul,2011,Jul-11,0,0,0,0,0,0,0,0,0,0,0,1,0,0,0,0,0,0,0,1,0,0,0,63,0,0,0,0,17,0,0,0,0,0,0,0,1,18,0,0,0,4
25052,13,DC 29-1,24,N,P,Su,Jul,2011,Jul-11,0,0,0,0,0,0,0,0,0,0,0,2,0,0,0,0,0,0,0,0,0,0,0,6,0,0,0,0,17,0,0,0,0,0,0,0,0,6,0,0,0,1
25093,13,DC 29-2,24,N,P,Su,Jul,2011,Jul-11,0,0,0,0,0,0,0,0,0,0,0,0,0,0,0,0,0,0,0,0,0,1,0,20,3,0,2,0,4,0,0,0,0,0,1,0,0,0,0,0,0,4
25134,13,DC 29-4,24,N,P,Su,Jul,2011,Jul-11,0,0,0,0,0,0,0,0,1,0,1,1,0,0,0,0,1,1,0,0,2,0,0,24,0,0,3,0,6,0,0,0,0,0,0,0,0,0,0,0,0,0
25175,13,DC 29-5,NA,Y,T,Su,Jul,2011,Jul-11,0,0,0,0,0,0,0,0,0,0,0,0,0,0,0,0,0,0,0,0,0,0,0,0,0,0,0,0,0,0,0,0,0,0,0,0,0,0,0,0,0,0
25216,13,DC 34-3,NA,Y,S,Su,Jul,2011,Jul-11,0,0,0,0,0,0,0,0,0,0,0,0,0,0,0,0,0,0,0,0,0,0,0,0,0,0,0,0,0,0,0,0,0,0,0,0,0,0,0,0,0,0
25257,13,DC 36-1,24,N,P,Su,Jul,2011,Jul-11,0,0,0,0,0,0,3,0,0,0,0,0,0,0,0,0,0,1,0,0,0,0,0,6,2,0,4,0,27,0,0,0,0,0,4,0,0,0,0,0,2,3
25298,13,DC 36-2,NA,Y,T,Su,Jul,2011,Jul-11,0,0,0,0,0,0,0,0,0,0,0,0,0,0,0,0,0,0,0,0,0,0,0,0,0,0,0,0,0,0,0,0,0,0,0,0,0,0,0,0,0,0
25339,13,DC 36-3,NA,Y,T,Su,Jul,2011,Jul-11,0,0,0,0,0,0,0,0,0,0,0,0,0,0,0,0,0,0,0,0,0,0,0,0,0,0,0,0,0,0,0,0,0,0,0,0,0,0,0,0,0,0
25380,13,DC 55-1,10,N,S,Su,Jul,2011,Jul-11,0,0,0,0,0,0,0,0,0,0,0,0,0,0,0,0,0,0,0,0,0,0,0,0,5,0,1,0,17,0,0,0,0,0,0,0,0,33,0,0,0,42
25421,13,DC 68-1,24,N,P,Su,Jul,2011,Jul-11,0,0,0,0,0,0,0,0,0,0,0,0,0,0,0,0,0,0,0,0,0,0,0,1,4,0,5,0,25,0,0,0,0,0,3,0,0,0,0,0,1,0
25462,13,DC 76-1,24,N,P,Su,Jul,2011,Jul-11,0,0,0,0,0,0,0,0,4,0,0,0,0,0,0,0,0,0,0,1,0,0,0,4,4,0,0,0,24,0,0,0,0,0,5,0,0,0,0,0,0,1
25503,13,DC 76-2,24,N,P,Su,Jul,2011,Jul-11,0,0,0,0,0,0,0,0,0,0,0,0,0,0,0,0,0,0,0,0,0,0,0,20,2,0,0,0,1,0,0,0,0,0,1,0,0,0,0,0,0,0
25544,13,DC 78-1,24,N,P,Su,Jul,2011,Jul-11,0,0,0,0,0,0,0,0,0,0,0,9,0,0,0,0,0,0,0,0,0,0,0,35,0,0,0,0,0,0,0,0,0,0,0,0,0,0,0,0,0,0
25585,13,DC 81-1,24,N,P,Su,Jul,2011,Jul-11,0,0,0,0,0,0,0,0,0,0,0,0,0,0,0,0,0,0,0,0,0,0,0,4,0,0,0,0,0,0,0,0,0,0,3,0,0,0,0,0,0,0
25626,13,DC 82-1,24,N,P,Su,Jul,2011,Jul-11,0,0,0,0,0,0,0,0,1,0,0,0,0,0,0,0,0,0,0,0,0,0,0,6,10,0,1,0,14,0,0,0,0,0,0,0,0,0,0,0,2,0
25667,13,DC 87-1,24,N,P,Su,Jul,2011,Jul-11,0,0,0,0,0,0,0,0,0,0,0,0,0,0,0,0,0,0,0,0,0,0,0,0,6,0,3,0,7,0,0,0,0,0,8,0,0,0,0,0,1,2
25708,13,DC 94-1,24,N,P,Su,Jul,2011,Jul-11,0,0,0,0,0,0,0,0,0,0,0,0,0,0,0,0,0,0,0,0,0,0,0,0,0,0,0,0,0,0,0,0,0,0,77,0,0,0,0,0,0,1
25749,13,DC101-1,NA,Y,S,Su,Jul,2011,Jul-11,0,0,0,0,0,0,0,0,0,0,0,0,0,0,0,0,0,0,0,0,0,0,0,0,0,0,0,0,0,0,0,0,0,0,0,0,0,0,0,0,0,0
25790,13,DC108-1,24,N,P,Su,Jul,2011,Jul-11,0,0,0,0,0,0,0,0,0,0,0,0,0,0,0,0,0,0,0,0,0,0,0,0,44,0,4,0,0,0,0,0,0,0,21,0,0,0,0,0,1,0
25831,13,DC114-1,24,N,P,Su,Jul,2011,Jul-11,0,0,0,0,0,0,0,0,7,0,0,1,0,0,0,0,0,0,0,0,0,0,0,37,0,0,0,0,41,0,0,0,0,0,0,0,0,0,0,0,0,0
25872,13,DC114-2,24,N,P,Su,Jul,2011,Jul-11,0,0,0,0,0,0,0,0,0,0,0,0,0,0,0,0,0,0,0,0,0,0,0,3,3,0,0,0,3,0,0,0,0,0,4,0,0,4,0,0,0,1
25913,13,DC114-3,24,N,P,Su,Jul,2011,Jul-11,0,0,0,0,0,0,0,0,0,0,0,0,0,0,0,0,0,0,0,0,0,0,0,0,1,0,1,0,1,0,0,0,0,0,0,0,0,0,0,10,1,0
25954,13,DC115-1,24,N,P,Su,Jul,2011,Jul-11,0,0,0,0,0,0,0,0,2,0,0,0,0,0,0,0,0,3,1,0,0,0,0,2,2,0,1,0,10,0,0,0,0,0,1,0,0,0,0,0,4,0
25995,13,DC116-1,24,N,P,Su,Jul,2011,Jul-11,0,0,0,0,0,0,0,0,0,0,0,3,0,0,0,0,0,0,0,1,2,0,0,19,2,0,1,0,2,0,0,0,0,0,0,0,0,0,0,0,1,0
26036,13,DC120-1,24,N,P,Su,Jul,2011,Jul-11,0,0,0,0,0,0,0,0,0,0,0,0,0,0,0,0,0,0,0,0,0,0,0,0,6,0,0,0,0,0,0,0,0,0,3,0,0,0,0,8,0,0
26077,13,DC121-1,24,N,S,Su,Jul,2011,Jul-11,0,0,0,0,0,0,0,0,0,0,0,0,0,0,0,0,0,0,0,0,0,0,0,0,1,0,0,0,16,0,0,0,0,0,2,0,0,2,0,0,0,0
26118,14,ANF  1-1,NA,Y,S,F,Nov,2011,Nov-11,0,0,0,0,0,0,0,0,0,0,0,0,0,0,0,0,0,0,0,0,0,0,0,0,0,0,0,0,0,0,0,0,0,0,0,0,0,0,0,0,0,0
26159,14,ANF 11-1,NA,Y,S,F,Nov,2011,Nov-11,0,0,0,0,0,0,0,0,0,0,0,0,0,0,0,0,0,0,0,0,0,0,0,0,0,0,0,0,0,0,0,0,0,0,0,0,0,0,0,0,0,0
26200,14,ANF 13-1,24,N,P,F,Nov,2011,Nov-11,0,0,0,0,0,0,0,0,17,0,0,0,0,0,0,0,2,0,0,0,0,0,0,11,4,0,2,0,0,0,0,0,0,0,0,0,0,0,0,0,0,18
26241,14,ANF 13-2,24,N,P,F,Nov,2011,Nov-11,0,0,0,0,0,0,0,0,0,0,0,0,0,0,0,0,0,0,0,0,0,0,0,9,0,0,0,0,0,0,0,0,0,0,1,0,0,0,0,0,0,2
26282,14,ANF 17-1,24,N,P,F,Nov,2011,Nov-11,0,0,0,0,0,0,0,0,0,0,0,0,0,0,0,0,1,0,0,0,0,0,0,15,30,0,1,0,1,0,0,0,0,0,3,0,0,1,0,0,0,2
26323,14,ANF 66-1,24,N,P,F,Nov,2011,Nov-11,0,0,0,0,0,0,0,0,2,0,0,0,0,0,0,0,0,0,0,0,0,0,0,1,10,0,0,0,1,0,0,0,0,0,1,0,0,0,0,0,1,2
26364,14,ANF 67-1,24,N,P,F,Nov,2011,Nov-11,0,0,0,0,0,0,0,0,0,0,0,0,0,0,0,0,0,0,0,0,0,0,0,3,6,1,0,0,4,0,0,0,0,0,0,0,0,0,0,0,0,6
26405,14,ANF 84-1,24,N,P,F,Nov,2011,Nov-11,0,0,0,0,0,0,0,0,0,0,0,0,0,0,0,0,0,0,0,0,0,0,0,0,0,0,0,0,0,0,0,0,0,0,0,0,0,0,0,0,0,0
26446,14,ANF 85-1,24,N,P,F,Nov,2011,Nov-11,0,0,0,0,0,0,0,0,1,0,0,0,0,0,0,0,2,0,0,0,0,0,0,0,8,0,0,0,0,0,0,0,0,0,1,0,0,0,0,0,0,4
26487,14,DC 5,24,N,P,F,Nov,2011,Nov-11,0,0,0,0,0,0,0,0,0,0,0,0,0,0,0,0,0,0,0,0,0,0,0,0,0,0,0,0,0,0,0,0,0,0,1,0,0,4,0,0,0,0
26528,14,DC 6,24,N,P,F,Nov,2011,Nov-11,0,0,0,0,0,0,0,0,0,0,0,0,0,0,0,0,0,0,0,0,0,0,0,2,20,0,4,0,0,0,0,0,0,0,101,0,0,0,0,0,0,30
26569,14,DC 6-1,NA,Y,S,F,Nov,2011,Nov-11,0,0,0,0,0,0,0,0,0,0,0,0,0,0,0,0,0,0,0,0,0,0,0,0,0,0,0,0,0,0,0,0,0,0,0,0,0,0,0,0,0,0
26610,14,DC 7,24,N,P,F,Nov,2011,Nov-11,0,0,0,0,0,0,0,0,0,0,0,0,0,0,0,0,0,0,0,0,0,0,0,0,1,0,1,0,0,0,0,0,0,0,0,0,0,0,0,0,0,12
26651,14,DC 8,24,N,P,F,Nov,2011,Nov-11,0,0,0,0,0,0,0,0,13,0,0,0,0,0,0,0,0,0,0,0,2,0,0,9,6,0,2,0,12,0,0,0,0,0,6,0,0,2,0,0,5,6
26692,14,DC 8-2,NA,Y,S,F,Nov,2011,Nov-11,0,0,0,0,0,0,0,0,0,0,0,0,0,0,0,0,0,0,0,0,0,0,0,0,0,0,0,0,0,0,0,0,0,0,0,0,0,0,0,0,0,0
26733,14,DC 10-1,24,N,P,F,Nov,2011,Nov-11,0,0,0,0,0,0,0,0,0,0,0,0,0,0,0,0,0,1,2,0,0,0,0,7,15,0,0,0,0,0,0,0,0,0,2,0,0,1,0,0,0,16
26774,14,DC 13-1,12,N,P,F,Nov,2011,Nov-11,0,0,0,0,0,0,0,0,0,0,0,0,0,0,0,0,0,0,0,0,0,0,0,0,0,0,0,0,0,0,0,0,0,0,0,0,0,0,0,0,0,0
26815,14,DC 15-2,24,N,P,F,Nov,2011,Nov-11,0,0,0,0,0,0,0,0,0,0,0,0,0,0,0,11,0,0,0,0,0,0,0,0,0,0,1,0,0,0,0,0,0,0,19,0,0,28,0,0,5,11
26856,14,DC 15-3,24,N,P,F,Nov,2011,Nov-11,0,0,0,0,0,0,0,0,0,0,0,0,0,0,0,0,2,0,0,0,5,0,0,14,0,0,1,0,0,0,0,0,0,0,0,0,2,2,0,0,0,3
26897,14,DC 17-2,NA,Y,S,F,Nov,2011,Nov-11,0,0,0,0,0,0,0,0,0,0,0,0,0,0,0,0,0,0,0,0,0,0,0,0,0,0,0,0,0,0,0,0,0,0,0,0,0,0,0,0,0,0
26938,14,DC 18-1,24,N,P,F,Nov,2011,Nov-11,0,0,0,0,0,0,0,0,5,0,0,0,0,0,0,0,4,0,0,0,0,5,0,68,1,0,0,0,0,0,0,0,0,0,0,0,0,0,0,0,0,12
26979,14,DC 19-1,NA,Y,S,F,Nov,2011,Nov-11,0,0,0,0,0,0,0,0,0,0,0,0,0,0,0,0,0,0,0,0,0,0,0,0,0,0,0,0,0,0,0,0,0,0,0,0,0,0,0,0,0,0
27020,14,DC 19-2,24,N,P,F,Nov,2011,Nov-11,3,0,0,0,0,0,0,0,0,0,0,2,0,0,0,0,12,0,0,0,0,0,2,21,0,0,0,0,0,0,0,0,0,0,0,0,0,3,0,0,0,12
27061,14,DC 29-1,24,N,P,F,Nov,2011,Nov-11,0,0,0,0,0,0,0,0,3,0,0,4,0,0,0,0,1,0,0,0,3,0,0,10,5,0,2,0,13,0,0,0,0,0,1,0,0,0,0,0,0,5
27102,14,DC 29-2,24,N,P,F,Nov,2011,Nov-11,0,0,0,0,0,0,0,0,0,0,0,0,0,0,0,0,7,0,0,0,0,1,0,7,2,0,1,0,0,0,0,0,0,0,13,0,0,0,0,0,0,7
27143,14,DC 29-4,24,N,P,F,Nov,2011,Nov-11,0,0,0,0,0,0,0,0,2,0,0,0,0,0,0,0,15,1,0,0,2,6,0,30,0,0,3,0,4,0,0,0,1,0,4,0,2,0,0,0,0,9
27184,14,DC 29-5,NA,Y,T,F,Nov,2011,Nov-11,0,0,0,0,0,0,0,0,0,0,0,0,0,0,0,0,0,0,0,0,0,0,0,0,0,0,0,0,0,0,0,0,0,0,0,0,0,0,0,0,0,0
27225,14,DC 34-3,NA,Y,S,F,Nov,2011,Nov-11,0,0,0,0,0,0,0,0,0,0,0,0,0,0,0,0,0,0,0,0,0,0,0,0,0,0,0,0,0,0,0,0,0,0,0,0,0,0,0,0,0,0
27266,14,DC 36-1,24,N,P,F,Nov,2011,Nov-11,0,0,0,0,0,0,0,0,1,0,0,0,0,0,0,0,7,0,0,0,0,0,0,6,2,0,0,0,17,0,0,0,0,0,0,0,0,0,0,0,0,29
27307,14,DC 36-2,NA,Y,T,F,Nov,2011,Nov-11,0,0,0,0,0,0,0,0,0,0,0,0,0,0,0,0,0,0,0,0,0,0,0,0,0,0,0,0,0,0,0,0,0,0,0,0,0,0,0,0,0,0
27348,14,DC 36-3,NA,Y,T,F,Nov,2011,Nov-11,0,0,0,0,0,0,0,0,0,0,0,0,0,0,0,0,0,0,0,0,0,0,0,0,0,0,0,0,0,0,0,0,0,0,0,0,0,0,0,0,0,0
27389,14,DC 55-1,NA,Y,S,F,Nov,2011,Nov-11,0,0,0,0,0,0,0,0,0,0,0,0,0,0,0,0,0,0,0,0,0,0,0,0,0,0,0,0,0,0,0,0,0,0,0,0,0,0,0,0,0,0
27430,14,DC 68-1,24,N,P,F,Nov,2011,Nov-11,0,0,0,0,0,0,0,0,0,0,0,0,0,0,0,0,0,0,0,0,0,0,0,0,14,0,1,0,9,0,0,0,0,0,6,0,0,0,0,0,0,8
27471,14,DC 76-1,24,N,P,F,Nov,2011,Nov-11,0,0,0,0,0,0,0,0,31,0,0,1,0,0,0,0,1,1,0,0,0,0,0,7,1,0,2,0,0,0,0,0,0,0,2,0,0,0,0,0,0,9
27512,14,DC 76-2,24,N,P,F,Nov,2011,Nov-11,0,0,0,2,0,0,0,0,7,0,0,0,0,0,0,0,5,0,0,0,0,0,0,32,0,0,0,0,7,0,0,0,0,0,0,0,0,0,0,0,0,1
27553,14,DC 78-1,24,N,P,F,Nov,2011,Nov-11,0,0,0,0,0,0,0,0,0,0,0,0,0,0,0,0,2,0,0,0,0,0,0,30,0,0,0,0,0,0,0,0,0,0,1,0,0,0,0,0,0,8
27594,14,DC 81-1,24,N,P,F,Nov,2011,Nov-11,0,0,0,0,0,0,0,0,0,0,0,0,0,0,0,0,1,0,0,0,0,0,0,1,0,0,0,0,0,0,0,0,0,0,1,0,0,0,0,0,0,5
27635,14,DC 82-1,24,N,P,F,Nov,2011,Nov-11,0,0,0,0,0,0,0,0,5,0,0,0,0,0,0,0,1,2,0,0,1,0,0,4,14,0,1,0,6,0,0,0,0,0,0,0,0,0,0,0,3,8
27676,14,DC 87-1,24,N,P,F,Nov,2011,Nov-11,0,0,0,0,0,0,0,0,0,0,0,0,0,0,0,0,0,0,0,0,0,0,0,0,10,0,2,0,6,0,0,0,0,0,5,0,0,0,0,0,0,17
27717,14,DC 94-1,24,N,P,F,Nov,2011,Nov-11,0,0,0,0,0,0,0,0,0,0,0,0,0,0,0,0,0,0,0,0,0,0,0,0,0,0,0,0,0,0,0,0,0,0,0,0,0,0,0,0,0,0
27758,14,DC101-1,NA,Y,S,F,Nov,2011,Nov-11,0,0,0,0,0,0,0,0,0,0,0,0,0,0,0,0,0,0,0,0,0,0,0,0,0,0,0,0,0,0,0,0,0,0,0,0,0,0,0,0,0,0
27799,14,DC108-1,24,N,P,F,Nov,2011,Nov-11,19,0,0,0,0,0,0,0,0,0,0,0,0,0,0,0,0,0,0,0,0,0,0,0,101,0,3,0,0,0,0,0,0,0,29,0,0,0,0,0,2,18
27840,14,DC114-1,24,N,P,F,Nov,2011,Nov-11,0,0,0,0,0,0,0,0,4,0,0,0,0,0,0,0,1,0,0,0,0,0,0,14,0,0,0,0,35,0,0,0,0,0,1,0,0,0,0,0,0,0
27881,14,DC114-2,24,N,P,F,Nov,2011,Nov-11,0,0,0,0,0,0,0,0,0,0,0,0,0,0,0,0,0,0,0,0,0,0,0,1,0,0,0,0,0,0,0,0,0,0,0,0,0,0,0,0,0,6
27922,14,DC114-3,24,N,P,F,Nov,2011,Nov-11,0,0,0,0,0,0,0,0,0,0,0,0,0,0,0,0,0,0,0,0,0,0,0,0,4,0,1,0,0,0,0,0,0,0,2,0,0,0,0,2,0,0
27963,14,DC115-1,24,N,P,F,Nov,2011,Nov-11,0,0,0,0,0,0,0,0,0,0,1,0,0,0,0,0,0,0,0,0,0,0,0,1,14,0,1,0,0,0,0,0,0,0,1,0,0,0,0,0,4,0
28004,14,DC116-1,24,N,P,F,Nov,2011,Nov-11,0,0,0,0,0,0,0,0,0,0,0,0,0,0,0,0,2,0,0,0,1,0,0,16,3,0,0,0,7,0,0,0,0,0,1,0,0,0,0,0,0,8
28045,14,DC120-1,24,N,P,F,Nov,2011,Nov-11,0,0,0,0,0,0,0,0,0,0,0,0,0,0,0,0,0,0,0,0,0,0,0,0,10,0,0,0,0,0,0,0,0,0,14,0,0,0,0,3,1,1
28086,14,DC121-1,NA,Y,S,F,Nov,2011,Nov-11,0,0,0,0,0,0,0,0,0,0,0,0,0,0,0,0,0,0,0,0,0,0,0,0,0,0,0,0,0,0,0,0,0,0,0,0,0,0,0,0,0,0