"","Ajun","Along","Bjanata","CelithemisF","CelithemisO","Enalaspersum","Enaldivagans","Enaldubium","Enalgeminatum","Enalsignatum","Enalvesperum","Epitheca_cynosura","Epitheca_semiaquea","Erythemis","Erythrodiplax","Gomphus lividus","Iposita","Ladona","Lestes_d_australis","Libellula","Nehalennia","Pachydiplax","Pantala","Perithemis_tenera","Plathemis","Telebasis","Tramea"
"N.1.2008.Su",0,0,0,0,0,0,0,0,0,0,0,0,12,0,0,0,0,0,0,0,0,1,1,0,8,0,3
"B.3.2008.Su",0,0,0,0,10,0,0,0,3,0,0,0,0,1,0,0,5,0,0,0,0,0,0,0,1,0,3
"B.5.2008.Su",0,0,0,0,0,0,0,2,0,0,0,0,9,0,0,0,8,0,0,0,0,1,0,0,0,0,0
"G.6.2008.Su",0,0,0,0,1,0,0,0,0,0,0,0,3,3,0,0,2,0,0,0,0,1,0,0,0,0,0
"G.7.2008.Su",0,0,0,0,0,0,0,0,0,0,0,0,0,0,0,0,0,4,0,0,0,0,0,0,0,0,1
"G.8.2008.Su",0,0,0,0,4,0,0,0,0,0,0,0,0,0,0,0,1,0,0,0,0,0,0,0,0,0,0
"N.26.2008.Su",0,0,0,0,0,0,0,0,0,0,0,0,0,0,0,0,0,0,0,4,0,12,0,0,0,0,0
"B.28.2008.Su",0,0,0,0,0,0,0,3,1,0,0,0,1,1,0,0,28,0,0,0,0,4,0,0,0,0,0
"S.29.2008.Su",0,0,0,0,0,0,0,0,0,0,0,0,2,0,0,0,1,0,0,1,0,5,0,0,9,0,0
"G.31.2008.Su",0,0,0,0,0,0,0,0,0,0,0,0,6,0,0,0,0,0,0,0,0,3,0,1,0,0,0
"B.35.2008.Su",0,0,0,0,0,0,0,0,0,0,0,0,4,0,0,0,0,0,0,0,0,0,0,0,0,0,0
"S.37.2008.Su",0,0,0,0,0,0,0,0,0,0,0,0,0,0,0,0,0,0,0,0,0,1,0,1,33,0,0
"B.10.2008.Su",0,0,0,0,0,0,0,1,6,0,0,0,6,5,0,0,15,0,0,0,0,1,0,0,0,1,2
"O.11.2008.Su",0,4,0,0,0,0,0,6,0,0,0,0,11,0,0,0,0,0,0,3,0,2,0,0,4,0,1
"S.12.2008.Su",0,1,1,0,0,12,0,0,0,0,0,0,6,0,0,0,3,0,0,0,0,5,0,0,1,0,5
"S.14.2008.Su",0,0,0,0,0,11,0,0,0,0,0,0,0,0,0,0,0,0,0,0,0,1,0,0,0,0,0
"S.16.2008.Su",0,0,0,0,0,0,0,0,0,0,0,0,2,0,0,0,0,0,0,1,0,1,0,0,3,0,12
"B.17.2008.Su",0,0,0,0,0,0,0,1,0,0,0,0,1,1,0,0,9,13,0,3,0,0,0,0,0,0,1
"G.19.2008.Su",0,0,0,0,0,0,0,0,0,0,0,0,7,1,0,0,3,2,0,1,0,4,0,0,0,0,1
"B.20.2008.Su",0,0,0,0,0,0,0,0,6,0,0,0,7,0,0,0,0,0,0,1,0,2,0,1,0,0,0
"N.22.2008.Su",0,4,0,0,0,1,0,0,0,0,0,0,5,0,0,0,0,5,0,0,0,1,0,0,0,0,11
"G.23.2008.Su",0,0,0,0,0,0,0,3,0,0,0,0,4,2,0,0,2,2,0,0,0,0,0,0,0,0,1
"S.27.2008.Su",0,0,0,0,0,0,0,1,0,0,0,0,2,3,0,0,9,2,0,1,0,1,0,0,0,0,0
"G.30.2008.Su",0,0,0,0,0,0,0,0,0,0,0,0,0,2,0,0,2,2,0,1,0,1,0,0,0,0,0
"G.32.2008.Su",0,0,0,0,0,0,0,1,0,0,0,0,6,7,0,0,4,2,0,0,2,0,0,0,0,0,0
"G.33.2008.Su",0,0,0,0,0,0,0,0,3,0,0,0,8,0,0,0,0,5,0,2,0,0,0,0,0,0,0
"G.34.2008.Su",0,0,0,0,0,0,0,2,0,0,0,0,3,0,0,0,0,0,0,1,0,1,0,0,0,0,0
"G.36.2008.Su",0,0,0,0,0,0,0,0,0,0,0,0,9,0,0,0,0,0,0,0,0,0,0,0,0,0,0
"B.38.2008.Su",1,0,0,0,1,0,0,7,0,0,0,0,6,1,0,0,3,2,0,1,0,1,0,0,0,0,3
"G.39.2008.Su",0,0,0,0,0,0,0,0,0,0,0,0,2,0,0,0,0,4,0,8,0,1,0,0,0,0,0
"N.40.2008.Su",0,0,0,0,0,0,0,0,0,0,0,0,0,0,0,0,2,0,0,9,0,51,0,0,0,0,0
"O.41.2008.Su",2,1,0,0,0,0,0,0,10,0,0,0,0,0,0,0,0,1,0,0,0,0,2,0,2,0,0
"N.42.2008.Su",0,0,0,0,0,0,0,1,1,0,0,0,1,1,0,0,18,0,0,0,0,18,0,0,0,0,0
"B.43.2008.Su",0,0,0,0,1,0,0,5,0,0,0,0,4,7,0,0,2,5,0,5,0,1,0,0,0,0,1
"G.44.2008.Su",0,0,0,0,0,0,0,0,9,0,0,0,4,0,0,0,2,0,0,3,0,0,0,0,0,0,0
"S.45.2008.Su",0,0,0,0,0,0,0,0,0,0,0,0,0,6,0,0,3,0,0,0,0,12,0,0,0,15,0
"B.46.2008.Su",0,0,0,0,0,0,0,0,0,0,0,0,0,0,0,0,0,5,0,2,0,0,0,0,0,0,4
"B.47.2008.Su",0,0,0,0,1,0,0,0,0,0,0,0,0,1,0,0,3,3,0,2,0,0,0,0,0,0,0
"O.48.2008.Su",0,0,0,0,0,0,0,0,0,0,0,0,0,2,0,0,4,3,0,1,0,2,0,0,0,2,0
"S.49.2008.Su",0,0,0,0,0,0,0,0,0,0,0,0,0,14,0,0,1,0,0,0,0,3,0,0,0,0,0
"N.1.2008.F",0,0,0,0,0,0,0,0,0,0,0,0,5,0,0,0,0,0,0,15,0,0,2,0,1,0,0
"B.3.2008.F",1,0,0,27,0,0,1,0,0,2,0,0,7,6,0,0,1,0,0,22,0,0,0,0,0,0,2
"S.4.2008.F",0,0,0,0,0,0,0,0,0,0,0,0,0,0,0,0,0,0,0,9,0,0,0,0,0,0,0
"B.5.2008.F",0,0,0,1,0,0,0,0,0,0,0,0,24,0,0,0,0,0,0,7,0,4,0,0,0,0,0
"G.6.2008.F",0,0,0,13,0,0,0,0,0,0,0,0,3,5,0,0,1,1,0,2,0,0,0,0,0,0,0
"G.7.2008.F",0,0,0,10,0,0,0,0,0,0,0,0,7,0,0,0,1,6,0,1,0,0,0,0,0,0,3
"G.8.2008.F",0,0,0,0,11,0,0,0,0,0,0,0,0,0,1,0,0,0,0,1,0,0,0,0,0,0,0
"G.9.2008.F",0,0,0,0,0,0,0,0,0,0,0,0,0,1,0,0,0,0,0,3,0,0,0,0,0,0,0
"N.26.2008.F",0,0,0,0,0,0,0,0,0,0,0,0,0,0,0,0,0,0,0,5,0,14,0,0,0,0,0
"B.28.2008.F",1,0,0,0,0,0,1,0,0,0,0,0,5,3,0,0,5,0,0,4,0,12,0,0,0,0,0
"S.29.2008.F",0,0,0,0,0,0,0,0,0,0,0,0,1,0,0,0,0,0,0,1,0,1,2,0,11,0,0
"G.31.2008.F",0,0,0,0,0,0,0,0,0,0,0,0,9,0,0,0,0,0,0,6,0,9,0,0,0,0,0
"B.35.2008.F",1,0,1,0,0,0,3,0,0,1,0,0,2,2,0,0,0,0,0,3,0,0,0,0,0,0,0
"S.37.2008.F",5,0,0,0,0,0,0,0,0,0,0,0,0,0,0,0,0,0,0,0,0,1,0,0,4,0,0
"B.10.2008.F",0,0,0,0,0,0,0,0,1,0,0,0,2,4,0,0,0,0,0,11,0,4,0,0,0,0,0
"O.11.2008.F",1,3,0,0,0,0,0,0,0,0,0,0,1,1,0,0,0,0,0,2,0,0,0,0,3,0,12
"S.12.2008.F",0,0,0,0,0,4,0,0,0,0,0,0,4,1,0,0,0,0,0,13,0,1,0,0,0,0,3
"B.13.2008.F",0,0,0,30,0,0,5,0,0,5,0,0,1,0,0,0,0,0,0,1,0,0,0,0,0,0,0
"S.14.2008.F",5,0,0,0,0,0,0,0,0,0,0,0,0,0,0,0,0,0,0,3,0,1,0,0,0,0,0
"B.15.2008.F",0,0,0,0,0,0,0,0,0,0,0,1,17,0,0,0,4,0,0,0,0,6,0,0,0,0,0
"S.16.2008.F",15,0,0,0,0,0,0,0,0,0,0,0,0,0,0,0,1,0,0,3,0,5,2,0,0,0,3
"B.17.2008.F",0,0,0,14,0,0,8,0,2,4,0,0,5,0,0,0,1,0,0,1,0,0,0,0,0,0,0
"G.18.2008.F",0,0,0,5,0,0,0,0,0,2,0,0,14,0,0,0,0,2,0,4,0,0,0,0,0,0,0
"G.19.2008.F",0,0,0,0,0,0,4,0,0,0,0,0,5,1,0,0,2,0,0,0,0,0,0,0,0,0,0
"B.20.2008.F",0,0,1,0,0,0,1,0,0,0,0,2,14,0,0,0,0,0,0,2,0,2,0,0,0,0,0
"S.21.2008.F",5,0,0,0,0,0,0,0,0,0,0,0,0,0,0,0,0,0,0,1,0,5,3,0,0,0,0
"N.22.2008.F",0,3,0,0,0,2,0,0,0,0,0,0,1,0,0,0,0,3,0,0,0,0,4,0,0,0,4
"G.23.2008.F",2,0,0,1,0,0,4,0,0,0,0,0,6,10,0,0,1,0,0,2,0,3,0,0,0,0,0
"S.24.2008.F",4,0,0,0,0,0,0,0,0,0,0,0,0,0,0,0,0,0,0,3,0,15,1,0,0,0,0
"S.27.2008.F",0,0,0,3,0,0,0,0,0,0,0,0,4,3,0,0,0,2,0,2,0,2,0,0,0,0,0
"G.30.2008.F",2,0,0,0,0,0,0,0,0,3,0,0,1,13,2,0,0,3,0,4,0,2,0,0,0,0,0
"G.32.2008.F",0,0,0,2,0,0,0,0,0,0,0,0,13,3,0,0,0,4,0,4,0,0,0,0,0,0,0
"G.33.2008.F",0,0,0,1,0,0,0,0,0,0,0,0,2,0,0,0,0,1,0,1,0,1,0,0,0,0,0
"G.34.2008.F",0,0,0,2,0,0,0,0,0,0,0,0,8,0,0,0,0,0,0,6,0,0,0,0,0,0,0
"G.36.2008.F",0,0,0,0,0,0,0,0,0,0,0,0,8,0,0,0,0,0,0,2,0,0,0,0,0,0,0
"B.38.2008.F",0,0,0,4,0,0,0,0,0,0,0,0,10,3,0,0,1,0,0,0,0,0,0,0,0,0,0
"G.39.2008.F",0,0,0,0,0,0,0,0,0,0,0,0,4,0,0,0,1,7,0,15,0,4,0,0,0,0,0
"N.40.2008.F",1,0,0,0,0,0,0,0,0,0,0,0,0,0,0,0,0,0,0,7,0,19,0,0,0,0,0
"O.41.2008.F",2,2,0,0,0,0,0,0,0,0,0,0,0,0,0,0,0,0,0,0,0,1,0,0,1,0,3
"N.42.2008.F",9,0,0,0,0,0,0,0,0,0,0,0,1,4,0,0,1,0,0,2,0,17,0,0,0,0,0
"B.43.2008.F",1,0,0,3,0,0,0,0,0,1,0,0,5,4,1,0,1,2,0,10,0,0,0,0,0,0,0
"G.44.2008.F",0,0,0,0,0,0,3,0,0,0,0,0,8,1,0,0,0,0,0,1,0,1,0,0,0,0,0
"S.45.2008.F",0,0,0,0,0,0,0,0,0,0,0,0,0,6,0,0,6,0,0,3,0,2,0,0,0,3,0
"B.46.2008.F",0,0,0,10,0,0,0,0,0,0,0,0,4,2,1,0,0,4,0,4,0,0,0,0,0,0,0
"B.47.2008.F",0,0,0,11,0,0,1,0,0,0,0,0,4,0,1,0,0,0,0,0,0,0,0,0,0,0,0
"N.1.2009.W",1,0,0,0,0,0,0,0,1,0,0,0,5,0,0,0,6,0,0,8,0,0,0,0,0,0,0
"B.3.2009.W",0,0,0,15,0,0,0,0,4,8,0,0,0,2,0,0,0,0,0,1,0,0,0,0,0,0,0
"B.5.2009.W",0,0,0,2,0,0,0,0,0,3,0,0,16,2,0,0,2,0,0,0,0,2,0,4,0,0,0
"G.6.2009.W",0,0,0,8,0,0,5,0,0,0,0,0,3,3,0,0,0,1,0,0,0,0,0,0,0,0,0
"G.7.2009.W",1,0,0,14,1,0,0,0,0,1,0,0,7,2,0,0,0,5,0,1,0,0,0,0,0,0,0
"G.8.2009.W",0,0,0,0,4,0,0,0,0,0,0,0,0,0,0,0,0,0,0,1,0,0,0,0,0,0,0
"G.9.2009.W",0,0,0,3,0,0,0,0,0,0,0,0,0,0,0,0,1,0,0,1,0,0,0,0,0,0,0
"N.26.2009.W",0,0,0,0,0,0,0,0,0,0,0,0,0,0,0,0,0,0,0,1,0,4,0,0,0,0,0
"B.28.2009.W",2,0,0,0,0,0,0,0,1,0,0,0,5,3,0,0,0,0,0,15,0,3,0,0,0,0,2
"S.29.2009.W",0,0,0,0,0,0,0,0,0,0,0,0,2,0,0,0,0,0,0,0,0,3,0,0,0,0,0
"G.31.2009.W",0,0,0,0,0,0,0,0,0,0,0,0,5,0,0,0,0,0,0,0,0,2,0,0,0,0,0
"B.35.2009.W",1,0,0,0,0,0,0,0,0,0,0,0,1,0,0,0,4,1,0,0,0,0,0,0,0,0,0
"S.37.2009.W",1,0,0,0,0,0,0,0,0,0,0,0,0,0,0,0,0,0,0,0,0,1,0,0,1,0,0
"B.10.2009.W",0,0,0,0,0,0,0,0,3,0,0,0,2,4,0,0,4,0,0,7,0,3,0,0,0,0,1
"O.11.2009.W",0,3,0,0,0,0,0,0,0,0,0,0,7,1,0,0,0,0,0,0,0,0,0,0,4,0,5
"S.12.2009.W",0,0,0,0,0,15,0,0,0,0,0,0,0,0,0,0,1,0,0,1,0,3,0,0,0,0,1
"B.13.2009.W",1,0,0,4,0,0,1,0,0,0,1,0,2,0,0,0,1,1,0,0,0,0,0,0,0,0,0
"S.14.2009.W",1,0,0,0,0,3,0,0,0,0,0,0,0,0,0,0,0,0,0,0,0,3,0,0,0,0,0
"B.15.2009.W",0,0,0,0,0,0,0,0,0,0,0,0,9,0,0,0,0,0,0,2,0,0,0,0,0,0,0
"S.16.2009.W",14,0,0,0,0,0,0,0,0,0,0,0,0,0,0,0,7,0,0,4,0,14,0,0,0,0,1
"B.17.2009.W",0,0,0,0,0,0,17,0,13,4,0,0,2,0,0,0,2,2,0,0,0,1,0,0,0,0,0
"G.18.2009.W",0,0,0,4,0,0,14,0,0,0,5,0,4,0,0,0,0,1,0,1,0,0,0,0,0,0,0
"G.19.2009.W",0,0,0,0,0,0,4,0,0,0,0,0,1,2,0,0,9,5,0,0,0,11,0,0,0,0,0
"B.20.2009.W",0,0,0,0,0,0,3,0,0,1,0,0,4,1,0,0,3,0,0,0,0,4,0,0,0,0,0
"N.22.2009.W",0,1,0,0,0,5,0,0,0,0,0,0,1,0,0,0,0,2,0,0,0,1,0,0,0,0,9
"G.23.2009.W",0,0,0,0,0,0,13,0,0,0,0,0,3,6,0,0,4,2,0,7,0,7,0,0,0,0,1
"S.24.2009.W",0,0,0,0,0,0,0,0,0,0,0,0,0,0,0,4,0,0,0,2,0,3,0,0,0,0,0
"S.27.2009.W",0,0,0,1,1,0,0,0,0,0,0,0,1,0,0,0,3,3,0,4,0,3,0,0,0,0,0
"G.30.2009.W",0,0,0,0,0,0,9,0,0,0,0,0,0,4,0,0,2,1,0,0,0,2,0,0,0,0,0
"G.32.2009.W",0,0,0,1,0,0,3,0,0,0,0,0,10,18,0,0,0,1,0,2,0,1,0,0,0,0,0
"G.33.2009.W",0,0,0,0,0,0,0,0,0,1,0,0,3,0,0,0,0,0,0,0,0,3,0,0,0,0,0
"G.34.2009.W",0,0,0,0,0,0,0,0,0,0,0,0,4,0,0,0,1,0,0,6,0,0,0,0,0,0,0
"G.36.2009.W",0,0,0,0,0,0,6,0,0,0,0,0,8,0,0,0,0,0,0,0,0,0,0,0,0,0,0
"B.38.2009.W",0,0,0,3,0,0,0,0,0,0,0,0,10,2,0,0,0,1,0,2,0,1,0,0,0,0,0
"G.39.2009.W",0,0,0,0,0,0,0,0,0,0,0,0,5,0,0,0,6,1,0,10,0,5,0,0,0,0,0
"N.40.2009.W",1,0,0,0,0,0,0,0,0,0,0,0,0,0,0,0,4,0,0,2,0,23,0,0,0,0,0
"O.41.2009.W",3,0,0,0,0,0,0,0,0,0,0,0,0,0,0,0,10,0,0,5,0,0,0,0,2,0,6
"N.42.2009.W",5,0,0,0,0,0,0,0,0,0,0,0,0,9,0,0,23,0,0,1,0,35,0,0,0,0,0
"B.43.2009.W",0,0,0,0,1,0,0,0,0,2,0,0,4,1,0,0,10,3,0,5,0,0,0,0,0,0,0
"G.44.2009.W",0,0,0,0,0,0,14,0,0,0,0,0,9,1,0,0,2,0,0,3,0,4,0,0,0,0,1
"S.45.2009.W",0,0,0,0,0,0,0,0,0,0,0,0,0,4,0,0,12,0,0,2,0,2,0,0,0,18,0
"B.46.2009.W",0,0,0,11,0,0,0,0,0,9,0,0,5,8,0,0,3,15,0,20,0,1,0,0,0,0,1
"B.47.2009.W",0,0,0,2,0,0,0,0,0,0,0,0,2,0,0,0,0,5,0,0,0,0,0,0,0,0,0
"O.48.2009.W",0,0,0,0,0,0,0,0,0,0,0,0,0,3,0,0,5,0,0,0,0,1,0,0,0,0,0
"S.49.2009.W",1,0,0,0,0,0,0,0,0,0,0,0,0,15,0,0,3,0,0,0,0,3,0,0,0,0,4
"N.1.2009.Sp",0,0,0,0,0,0,0,0,0,0,0,0,0,0,0,0,0,0,0,5,0,0,0,0,0,0,0
"S.2.2009.Sp",0,0,0,0,0,0,0,0,0,0,0,0,0,0,0,0,0,0,3,0,0,0,0,0,0,0,0
"B.3.2009.Sp",0,0,0,13,0,0,2,0,0,5,0,0,0,1,0,0,8,0,0,1,0,0,0,0,0,0,2
"S.4.2009.Sp",0,0,0,0,0,0,0,0,0,0,0,0,0,0,0,0,0,0,0,1,0,2,0,0,0,0,0
"B.5.2009.Sp",0,0,0,3,0,0,0,0,0,0,0,0,0,1,0,0,0,0,0,2,0,3,0,0,0,0,0
"G.6.2009.Sp",0,0,0,5,0,0,0,0,0,0,0,0,0,2,0,0,1,0,0,3,0,2,0,0,0,0,0
"G.7.2009.Sp",0,0,0,5,0,0,0,0,0,0,0,0,0,1,0,0,0,0,0,0,0,0,0,0,0,0,0
"G.8.2009.Sp",0,0,0,0,8,0,0,0,0,0,0,0,0,1,0,0,8,0,0,0,0,0,0,0,0,0,0
"G.9.2009.Sp",0,0,0,0,0,0,0,0,0,0,0,0,0,0,0,0,0,0,0,2,0,2,0,0,0,0,1
"N.26.2009.Sp",0,0,0,0,0,0,0,0,0,0,0,0,0,0,0,0,0,0,0,1,0,13,0,0,0,0,0
"B.28.2009.Sp",0,0,0,0,0,0,1,0,0,1,0,0,0,2,0,0,11,0,0,4,0,9,0,0,0,0,1
"S.29.2009.Sp",0,0,0,0,0,0,0,0,0,0,0,0,0,0,0,0,0,0,0,0,0,5,0,0,3,0,0
"B.35.2009.Sp",0,0,0,0,0,0,0,0,0,1,0,1,0,0,0,0,1,0,0,1,0,0,0,0,0,0,0
"S.37.2009.Sp",0,0,0,0,0,0,0,0,0,0,0,0,0,0,0,0,0,0,0,0,0,3,0,0,2,0,0
"B.10.2009.Sp",2,0,0,0,0,0,0,0,0,5,0,0,0,6,0,0,12,0,0,1,0,7,0,0,0,0,0
"O.11.2009.Sp",0,0,0,0,0,0,0,0,0,0,0,0,1,3,0,0,0,0,0,4,0,4,0,0,0,0,3
"S.12.2009.Sp",1,0,0,0,0,0,0,0,0,0,0,0,0,1,0,0,0,0,0,8,0,17,0,0,0,0,1
"B.13.2009.Sp",0,0,0,0,0,0,1,0,0,0,0,0,0,0,0,0,0,0,0,1,0,2,0,0,0,0,0
"S.14.2009.Sp",4,0,0,0,0,3,0,0,0,0,0,0,0,0,0,0,0,0,0,0,0,1,0,0,0,0,0
"B.15.2009.Sp",0,0,0,0,0,0,0,0,0,0,0,9,0,0,0,0,2,0,0,1,0,0,0,0,0,0,0
"S.16.2009.Sp",3,0,0,0,0,7,0,0,0,0,0,0,0,0,0,0,5,0,0,3,0,6,0,0,0,0,0
"B.17.2009.Sp",0,0,0,0,0,0,4,0,0,5,0,0,0,0,0,0,2,0,0,0,0,1,0,0,0,0,0
"G.18.2009.Sp",0,0,0,3,0,0,7,0,0,4,0,0,0,0,0,0,2,0,0,8,0,0,0,0,0,0,0
"G.19.2009.Sp",0,0,0,0,0,0,0,0,0,0,0,0,1,1,0,0,0,0,0,0,0,6,0,0,0,0,0
"B.20.2009.Sp",0,0,0,0,0,0,1,0,0,1,0,0,0,0,0,0,3,0,0,0,0,4,0,0,0,0,0
"S.21.2009.Sp",0,0,0,0,0,0,0,0,0,0,0,0,0,0,0,1,0,0,2,0,0,0,0,0,0,0,0
"N.22.2009.Sp",0,0,0,1,0,1,0,0,0,0,0,0,0,1,0,0,0,0,0,1,0,0,0,0,1,0,1
"G.23.2009.Sp",0,0,0,0,0,0,0,0,0,0,0,0,0,4,0,0,5,0,0,4,0,1,0,0,0,0,0
"S.25.2009.Sp",0,0,0,0,0,0,0,0,0,0,0,0,0,0,0,1,0,0,6,2,0,5,0,0,0,0,0
"S.27.2009.Sp",1,0,0,2,0,0,0,0,0,0,0,0,0,3,0,0,1,0,0,0,0,3,0,0,0,0,0
"G.30.2009.Sp",0,0,0,0,0,0,0,0,0,0,0,0,0,1,0,0,2,0,0,2,0,1,0,0,0,0,0
"G.32.2009.Sp",0,0,0,2,0,0,0,0,0,0,0,0,0,3,0,0,1,0,0,0,2,0,0,0,0,0,0
"G.33.2009.Sp",0,0,0,1,0,0,0,0,0,0,0,0,0,1,0,0,1,0,0,0,0,2,0,0,0,0,0
"G.34.2009.Sp",0,0,0,2,0,0,1,0,0,0,1,0,0,0,0,0,1,0,0,0,0,1,0,0,0,0,0
"B.38.2009.Sp",0,0,0,5,0,0,0,4,0,0,1,0,0,0,0,0,4,0,0,1,0,1,0,0,0,0,0
"G.39.2009.Sp",0,0,0,0,0,0,0,0,0,0,0,0,0,0,0,0,4,0,0,4,0,3,0,0,0,0,0
"N.40.2009.Sp",0,0,0,0,0,0,0,0,0,0,0,0,0,0,0,0,0,0,0,0,0,20,0,0,0,0,0
"O.41.2009.Sp",1,0,0,0,0,0,0,0,0,0,0,0,0,0,0,0,0,0,0,0,0,2,0,0,0,0,0
"N.42.2009.Sp",0,0,0,0,0,0,0,0,0,0,0,0,0,10,0,0,35,0,0,1,0,9,0,0,0,2,2
"B.43.2009.Sp",0,0,0,0,0,0,0,0,0,0,0,0,0,1,0,0,0,0,0,1,0,2,0,0,0,0,0
"G.44.2009.Sp",0,0,0,0,0,0,0,0,0,0,0,0,0,1,0,0,0,0,0,1,0,3,0,0,0,0,0
"S.45.2009.Sp",0,0,0,0,0,0,0,0,0,0,0,0,0,5,0,0,9,0,0,0,0,8,0,0,0,11,0
"B.46.2009.Sp",0,0,0,28,0,0,0,24,0,0,0,0,3,6,0,0,26,0,0,0,0,0,0,0,0,0,4
"O.48.2009.Sp",0,0,0,0,0,0,0,0,0,0,0,0,0,10,0,0,0,0,0,0,0,11,0,0,0,0,0
"S.49.2009.Sp",1,0,0,0,0,0,0,0,0,0,0,0,0,14,0,0,2,0,0,0,0,12,0,0,0,0,1
"N.1.2009.Su",0,0,0,0,0,0,0,0,0,1,0,0,19,0,0,0,2,0,0,0,0,1,0,0,1,0,0
"S.2.2009.Su",0,0,0,0,0,0,0,0,0,0,0,0,0,0,0,0,0,0,0,1,0,3,0,0,0,0,0
"B.3.2009.Su",0,0,0,5,0,0,0,0,7,0,0,0,21,4,0,0,13,0,0,7,0,0,0,0,0,0,6
"B.5.2009.Su",0,0,0,1,0,0,0,0,0,12,0,0,21,11,0,0,5,0,0,1,0,7,0,0,1,0,1
"G.6.2009.Su",1,0,0,0,0,0,0,0,0,0,0,0,8,19,0,0,3,4,0,3,0,1,0,0,0,0,0
"G.7.2009.Su",0,0,0,0,1,0,0,0,1,0,1,0,17,2,0,0,1,28,0,0,0,0,0,0,0,0,4
"G.8.2009.Su",0,0,0,0,5,0,0,0,0,0,0,0,2,2,0,0,0,2,0,0,0,0,0,0,0,0,0
"G.9.2009.Su",0,0,0,3,0,0,0,1,0,0,0,0,7,0,0,0,1,0,0,2,0,13,0,0,0,0,1
"N.26.2009.Su",0,0,0,0,0,0,0,0,0,0,0,0,1,0,0,0,0,0,0,7,0,29,0,0,3,0,0
"B.28.2009.Su",1,0,0,0,0,0,0,1,1,0,0,0,0,7,0,0,0,0,0,3,0,12,0,0,0,0,0
"S.29.2009.Su",0,0,0,0,0,0,0,0,0,0,0,0,1,0,0,0,0,0,0,4,0,1,0,0,10,0,0
"G.31.2009.Su",0,0,0,0,0,0,0,0,0,0,0,0,0,0,0,0,0,0,0,1,0,2,0,0,0,0,0
"B.35.2009.Su",0,0,0,0,0,0,0,0,0,0,4,0,6,0,0,0,2,0,0,0,0,2,0,0,0,0,0
"S.37.2009.Su",3,0,0,0,0,0,0,0,0,0,0,0,0,0,0,0,0,0,0,0,0,7,0,1,24,0,0
"B.10.2009.Su",0,0,0,0,0,0,0,8,13,2,0,0,14,8,0,0,1,0,0,1,0,4,0,0,0,0,9
"O.11.2009.Su",0,0,0,0,0,0,0,0,0,0,0,0,7,0,0,0,4,0,0,0,0,9,0,0,1,0,8
"S.12.2009.Su",7,0,0,0,0,8,0,0,0,0,0,0,0,0,0,0,0,0,0,7,0,7,0,0,5,0,0
"B.13.2009.Su",0,0,0,0,0,0,0,0,0,0,0,0,20,0,0,0,0,2,0,0,0,0,0,0,0,0,0
"S.14.2009.Su",0,0,0,0,0,21,0,0,0,0,0,0,1,0,0,0,0,0,0,0,0,21,0,0,25,0,0
"B.15.2009.Su",0,0,0,0,0,0,0,0,0,7,0,0,17,0,0,0,0,0,0,0,0,2,0,0,0,0,0
"S.16.2009.Su",10,0,0,0,0,3,0,0,0,0,0,0,1,0,0,0,4,2,0,3,0,29,0,0,23,0,1
"B.17.2009.Su",3,0,0,0,0,0,0,2,19,9,0,0,14,0,0,0,1,0,0,0,0,0,0,0,0,0,1
"G.18.2009.Su",0,0,0,1,0,0,0,0,0,0,5,0,18,1,0,0,0,12,0,0,0,0,0,0,0,0,0
"G.19.2009.Su",0,0,0,0,0,0,0,0,0,0,0,1,43,1,0,0,5,6,0,0,0,2,0,0,0,0,1
"B.20.2009.Su",0,0,1,0,0,0,0,0,0,0,2,23,23,1,0,0,4,0,0,0,0,4,0,0,0,0,0
"N.22.2009.Su",1,0,0,0,0,9,0,0,0,0,0,0,22,0,0,0,0,19,0,0,0,2,0,0,0,0,15
"G.23.2009.Su",0,0,0,0,0,0,0,1,1,5,0,0,7,4,0,0,11,5,0,0,0,3,0,0,0,0,3
"S.27.2009.Su",1,0,0,0,0,0,0,1,0,0,0,0,13,1,0,0,0,4,0,0,0,19,0,0,0,0,1
"G.30.2009.Su",0,0,0,0,0,0,0,0,0,0,0,0,8,7,0,0,8,2,0,0,0,0,0,0,0,0,0
"G.32.2009.Su",0,0,0,2,0,0,0,0,0,0,0,0,9,0,0,0,1,0,0,6,1,1,0,0,0,0,0
"G.33.2009.Su",0,0,0,0,0,0,0,0,0,1,0,0,14,0,0,0,2,1,0,0,0,0,0,0,0,0,0
"G.34.2009.Su",0,0,0,0,0,0,0,1,0,0,0,0,4,0,0,0,2,1,0,2,0,0,0,0,0,0,0
"G.36.2009.Su",0,0,0,0,0,0,0,0,0,0,0,0,3,0,0,0,2,0,0,3,0,3,0,0,0,0,0
"B.38.2009.Su",1,0,0,0,0,0,0,5,0,0,2,0,24,2,0,0,0,3,0,0,0,1,0,0,0,0,0
"G.39.2009.Su",0,0,0,0,0,0,0,0,0,0,0,0,7,0,0,0,12,2,0,0,0,5,0,0,0,0,0
"N.40.2009.Su",0,0,0,0,0,0,0,0,0,0,0,0,0,0,0,0,0,0,0,0,0,15,0,0,0,0,0
"O.41.2009.Su",0,0,0,0,0,0,0,0,0,0,0,0,0,0,0,0,1,1,0,0,0,2,0,0,2,0,0
"N.42.2009.Su",1,0,0,0,0,0,0,0,0,0,0,0,0,1,0,0,16,0,0,0,0,19,0,0,0,1,0
"B.43.2009.Su",0,0,0,0,0,0,0,2,0,0,0,0,5,3,0,0,4,1,0,0,0,8,0,0,0,0,0
"G.44.2009.Su",0,0,0,0,0,0,0,0,0,2,0,0,14,5,0,0,3,10,0,0,0,3,0,0,0,0,4
"S.45.2009.Su",0,0,0,0,0,0,0,0,0,0,0,0,0,3,0,0,3,0,0,0,0,12,0,0,0,1,0
"B.46.2009.Su",0,0,0,2,0,0,0,5,0,0,0,0,17,1,0,0,2,9,0,0,0,1,0,0,0,0,0
"B.47.2009.Su",0,0,0,4,0,0,0,0,0,0,0,0,2,0,0,0,2,3,0,0,0,1,0,0,0,0,0
"O.48.2009.Su",0,0,0,0,0,0,0,0,0,0,0,0,0,3,0,0,0,0,0,0,0,0,0,0,0,1,0
"S.49.2009.Su",0,0,0,0,0,0,0,0,0,0,0,0,0,19,0,0,1,1,0,0,0,0,0,0,0,0,4
"N.1.2009.F",0,0,0,0,0,0,0,0,0,0,0,0,3,0,0,0,1,0,0,1,0,0,0,0,0,0,0
"B.3.2009.F",11,0,0,26,0,0,5,0,2,0,0,0,3,2,0,0,11,0,0,4,0,0,0,0,0,0,0
"S.4.2009.F",1,0,0,0,0,0,0,0,0,0,0,0,0,0,0,1,0,0,0,6,0,1,0,0,0,0,0
"B.5.2009.F",0,0,0,1,0,0,0,0,0,0,0,0,9,10,0,0,1,0,0,1,0,37,0,0,0,0,1
"G.6.2009.F",0,0,0,4,0,0,1,0,0,0,0,0,10,2,0,0,0,0,0,5,0,2,0,0,0,0,0
"G.7.2009.F",0,0,0,0,0,0,0,0,0,0,0,0,11,0,0,0,0,0,0,1,0,0,0,0,0,0,0
"G.8.2009.F",0,0,0,3,3,0,0,0,0,0,0,0,0,0,0,0,0,0,0,1,0,0,0,0,0,0,0
"G.9.2009.F",0,0,0,0,0,0,0,0,0,0,0,0,1,0,0,0,1,0,0,6,0,1,0,0,0,0,0
"B.28.2009.F",1,0,0,0,0,0,0,1,2,0,0,0,2,3,0,0,0,0,0,6,0,29,0,0,0,0,1
"S.29.2009.F",0,0,0,0,0,0,0,0,0,0,0,0,2,0,0,0,0,0,0,3,0,3,0,0,5,0,0
"G.31.2009.F",0,0,0,0,0,0,0,0,0,0,0,0,1,1,0,0,0,0,0,6,0,1,0,0,0,0,0
"B.35.2009.F",2,0,0,2,0,0,2,0,0,0,0,0,3,1,0,0,3,0,0,18,0,3,0,0,0,0,0
"B.10.2009.F",2,0,0,1,0,0,0,0,6,2,0,0,3,21,0,0,5,0,0,11,0,3,0,0,0,0,0
"O.11.2009.F",1,0,0,0,0,0,0,0,0,0,0,0,9,4,0,0,0,0,0,15,0,6,0,0,15,0,4
"S.12.2009.F",1,0,0,0,0,3,0,0,0,0,0,0,0,4,0,0,0,0,0,2,0,3,0,0,3,0,4
"B.13.2009.F",1,0,0,2,0,0,1,0,0,0,0,0,4,0,0,0,3,0,0,0,0,0,0,0,0,0,0
"S.14.2009.F",12,0,0,0,0,3,0,0,0,0,0,0,2,0,0,0,4,0,0,2,0,5,3,0,13,0,0
"B.15.2009.F",0,0,0,0,0,0,1,0,0,2,0,0,13,5,0,0,2,0,0,0,0,1,0,0,0,0,0
"S.16.2009.F",4,0,0,0,0,0,0,0,0,0,0,0,0,0,0,0,0,1,0,5,0,0,0,0,8,0,0
"B.17.2009.F",1,0,0,2,0,0,7,0,5,0,0,0,9,0,0,0,6,0,0,32,0,0,0,0,0,0,0
"G.18.2009.F",0,0,0,4,0,0,2,0,0,0,0,0,1,1,0,0,0,3,0,8,0,0,0,0,2,0,0
"G.19.2009.F",0,0,0,0,0,0,7,0,0,0,0,0,9,4,0,0,0,0,0,2,0,6,0,0,0,0,0
"B.20.2009.F",1,0,1,0,0,0,14,0,0,1,0,0,8,2,0,0,1,0,0,2,0,1,0,1,0,0,0
"N.22.2009.F",7,0,0,0,0,0,0,0,0,0,0,0,1,0,0,0,0,1,0,1,0,0,6,0,0,0,1
"G.23.2009.F",0,0,0,0,0,0,3,0,0,0,0,0,2,0,0,0,0,0,0,1,0,1,0,0,0,0,0
"S.27.2009.F",4,0,0,0,0,0,0,0,0,0,0,0,2,0,0,0,0,1,0,2,0,0,0,0,0,0,0
"G.30.2009.F",0,0,0,0,0,0,0,0,0,0,0,0,1,12,0,0,0,1,0,6,0,2,0,0,0,0,0
"G.32.2009.F",0,0,0,1,0,0,0,0,0,0,0,0,5,2,0,0,0,2,0,0,0,0,0,0,0,0,0
"G.33.2009.F",0,0,0,1,0,0,4,0,0,0,0,0,2,0,0,0,0,0,0,0,0,0,0,0,0,0,0
"G.36.2009.F",0,0,0,0,0,0,1,0,0,0,0,0,0,0,0,0,1,0,0,6,0,7,0,0,0,0,0
"B.38.2009.F",0,0,0,8,0,0,1,1,0,0,0,0,15,8,0,0,3,0,0,0,0,2,0,0,0,0,1
"G.39.2009.F",0,0,0,0,0,0,0,0,0,0,0,0,4,0,0,0,0,1,0,5,0,4,0,0,0,0,0
"N.40.2009.F",0,0,0,0,0,0,0,0,0,0,0,0,0,0,0,0,0,0,0,13,0,17,0,0,0,0,0
"O.41.2009.F",6,0,0,0,0,0,0,0,0,0,0,0,2,5,0,0,1,0,0,9,0,0,0,0,0,0,2
"N.42.2009.F",17,0,0,0,0,0,0,0,0,0,0,0,0,15,0,0,3,0,0,3,0,16,0,0,0,0,4
"B.43.2009.F",0,0,0,10,1,0,2,0,0,0,0,0,3,15,0,0,3,0,0,7,0,6,0,0,0,0,1
"G.44.2009.F",0,0,0,0,0,0,5,0,0,0,0,0,4,2,0,0,0,1,0,0,0,2,0,0,1,0,0
"S.45.2009.F",0,0,0,0,0,0,0,0,0,0,0,0,0,16,0,0,0,0,0,1,0,11,0,0,0,4,0
"B.46.2009.F",1,0,0,15,0,0,0,0,0,0,0,0,13,5,0,0,1,0,0,15,0,0,0,0,0,0,0
"B.47.2009.F",0,0,0,7,0,0,3,0,0,0,0,0,20,4,0,0,0,1,0,3,0,0,0,0,0,0,1
"O.48.2009.F",0,0,0,0,0,0,0,0,0,0,0,0,0,10,0,0,0,0,0,0,0,2,0,0,0,3,0
"S.49.2009.F",0,0,0,0,0,0,0,0,0,0,0,0,0,29,0,0,0,0,0,0,0,7,0,0,0,0,13
"N.1.2010.W",0,0,0,0,0,0,0,0,0,0,0,0,9,0,0,0,7,0,0,0,0,0,0,0,0,0,0
"S.2.2010.W",0,0,0,0,0,0,0,0,0,0,0,0,0,0,0,0,2,0,13,0,0,0,0,0,0,0,0
"B.3.2010.W",4,0,0,66,0,0,12,0,35,6,0,0,0,2,0,0,45,0,0,0,0,0,0,0,0,0,1
"S.4.2010.W",1,0,0,0,0,0,0,0,0,0,0,0,0,0,0,0,0,0,2,0,0,0,0,0,0,0,0
"B.5.2010.W",0,0,0,1,0,0,1,0,0,1,0,0,0,2,0,0,12,0,0,0,0,17,0,0,0,0,0
"G.6.2010.W",0,0,0,1,0,0,1,0,0,0,0,0,0,0,0,0,1,1,0,0,0,1,0,0,0,0,0
"G.7.2010.W",0,0,0,3,0,0,0,0,0,0,0,0,0,1,0,0,4,10,1,1,0,0,0,0,0,0,0
"G.8.2010.W",0,0,0,0,5,0,0,0,0,0,0,0,0,1,0,0,2,0,0,0,0,1,0,0,0,0,0
"G.9.2010.W",0,0,0,0,0,0,1,0,0,0,0,0,0,1,0,0,2,0,0,2,0,1,0,0,0,0,0
"N.26.2010.W",1,0,0,0,0,0,0,0,0,0,0,0,0,0,0,0,1,0,0,0,0,5,0,0,0,0,0
"B.28.2010.W",0,0,0,0,0,0,3,4,13,4,0,0,0,18,0,0,0,1,0,0,0,37,0,0,0,0,0
"S.29.2010.W",0,0,0,0,0,0,0,0,0,0,0,0,0,0,0,0,35,0,0,0,0,0,0,0,7,0,0
"B.35.2010.W",0,0,0,5,0,0,2,0,0,0,6,1,0,1,0,0,3,2,0,0,0,6,0,0,0,0,0
"B.10.2010.W",1,0,0,0,0,0,0,1,12,0,0,0,0,17,0,0,9,0,0,0,0,1,0,0,0,0,0
"O.11.2010.W",0,0,0,0,0,0,0,0,0,0,0,0,0,2,0,0,0,0,0,0,0,2,0,0,12,0,2
"S.12.2010.W",0,6,0,0,0,14,0,0,0,0,0,0,0,0,0,0,0,0,0,0,0,0,0,0,1,0,2
"B.13.2010.W",0,0,0,1,0,0,1,0,0,0,8,0,0,0,0,0,2,1,0,0,0,0,0,0,0,0,0
"S.14.2010.W",12,0,0,0,0,3,0,0,0,0,0,0,0,0,0,0,3,0,0,0,0,2,0,0,9,0,0
"B.15.2010.W",0,0,0,0,0,0,1,0,0,4,0,9,0,0,0,0,7,0,0,0,0,1,0,0,0,0,0
"S.16.2010.W",2,0,0,0,0,0,0,0,0,0,0,0,0,0,0,0,2,0,0,0,0,0,0,0,7,0,0
"B.17.2010.W",1,0,0,0,0,0,26,0,5,3,0,0,0,0,0,0,9,0,0,0,0,1,0,0,0,0,0
"G.18.2010.W",0,0,0,7,0,0,3,0,0,0,7,0,0,1,0,0,5,8,0,0,0,2,0,0,0,0,0
"G.19.2010.W",0,0,0,0,0,0,3,0,0,0,0,0,0,0,0,0,2,3,0,0,0,0,0,0,0,0,0
"B.20.2010.W",0,0,0,0,0,0,9,0,0,0,0,0,0,0,0,0,5,0,0,0,0,1,0,0,0,0,0
"N.22.2010.W",13,0,0,0,0,2,0,0,0,0,0,0,0,0,0,0,0,17,0,0,0,0,0,0,0,0,4
"G.23.2010.W",0,0,0,0,0,0,12,0,0,0,0,0,0,6,0,0,2,6,0,0,0,0,0,0,0,0,0
"S.25.2010.W",0,0,0,0,0,0,0,0,0,0,0,0,0,0,0,0,9,0,0,0,0,1,0,0,0,0,0
"S.27.2010.W",6,0,0,0,0,0,0,0,0,0,0,0,0,0,0,0,2,0,3,0,0,3,0,0,0,0,0
"G.30.2010.W",0,0,0,0,0,0,1,0,0,0,0,0,0,12,0,0,17,3,0,0,0,1,0,0,0,0,0
"G.32.2010.W",0,0,0,0,0,0,10,0,0,0,0,0,0,5,0,0,17,9,0,0,0,1,0,0,0,0,0
"G.33.2010.W",0,0,0,10,0,0,1,0,0,0,0,0,0,2,0,0,10,0,0,0,0,0,0,0,0,0,0
"B.38.2010.W",0,0,0,9,0,0,12,1,0,0,1,0,0,3,0,0,7,2,0,6,0,4,0,0,0,0,0
"G.39.2010.W",0,0,0,0,0,0,0,0,0,0,0,0,0,3,0,0,9,1,0,0,0,2,0,0,0,0,0
"N.40.2010.W",0,0,0,0,0,0,0,0,0,0,0,0,0,0,0,0,0,0,0,1,0,73,0,0,0,0,0
"O.41.2010.W",7,0,0,0,0,0,0,0,0,0,0,0,0,1,0,0,1,2,0,5,0,2,0,0,1,0,8
"N.42.2010.W",11,0,0,0,0,0,0,0,0,0,0,0,0,11,0,0,13,0,0,0,0,29,0,0,0,0,6
"B.43.2010.W",0,0,0,1,0,0,1,0,0,0,0,0,0,8,0,0,15,4,0,2,0,6,0,0,0,0,0
"G.44.2010.W",0,0,0,0,0,0,1,0,0,0,0,0,0,1,0,0,3,0,0,1,0,0,0,0,0,0,0
"S.45.2010.W",0,0,0,0,0,0,0,0,0,0,0,0,0,16,0,0,3,0,0,0,0,19,0,0,1,0,0
"B.46.2010.W",2,0,0,92,1,0,3,3,3,0,0,0,0,14,0,0,19,5,0,2,0,2,0,0,0,0,3
"B.47.2010.W",0,0,0,16,0,0,7,0,0,1,0,0,0,1,0,0,2,12,0,3,0,0,0,0,0,0,0
"O.48.2010.W",0,0,0,0,0,0,0,0,0,0,0,0,0,9,0,0,8,0,0,0,0,10,0,0,0,1,0
"S.49.2010.W",8,0,0,0,0,0,0,0,0,0,0,0,0,80,0,0,32,0,0,0,0,22,0,0,0,0,27
"S.2.2010.Sp",0,0,0,0,0,0,0,1,0,0,0,0,0,0,0,0,0,0,0,0,0,3,0,0,0,0,0
"B.3.2010.Sp",0,0,0,0,0,0,0,0,1,0,0,0,0,0,0,0,9,0,0,0,0,0,0,0,0,0,0
"S.4.2010.Sp",0,0,0,0,0,0,0,0,0,0,0,0,0,0,0,0,3,0,0,0,0,0,0,0,0,0,0
"B.5.2010.Sp",0,0,0,0,0,0,0,0,0,0,0,0,0,3,0,0,4,0,0,0,0,4,0,0,0,0,0
"G.6.2010.Sp",0,0,0,2,0,0,0,0,0,0,0,0,0,11,0,0,2,0,0,1,0,2,0,0,0,0,0
"G.7.2010.Sp",0,0,0,1,0,0,0,0,0,0,0,0,0,1,3,0,1,2,0,0,0,0,0,0,0,0,0
"G.8.2010.Sp",0,0,0,0,0,0,0,0,0,0,0,0,0,0,3,0,1,0,0,5,0,0,0,0,0,0,0
"N.26.2010.Sp",0,0,0,0,0,0,0,0,0,0,0,0,0,0,0,0,0,0,0,0,0,5,0,0,0,0,0
"B.35.2010.Sp",1,0,0,2,0,0,0,1,1,0,1,0,0,0,0,0,3,0,0,0,0,2,0,0,0,0,0
"S.37.2010.Sp",5,0,0,0,0,0,0,0,0,0,0,0,0,0,0,0,6,0,0,0,0,0,0,0,0,0,0
"B.10.2010.Sp",1,0,0,0,0,0,0,0,0,0,0,0,0,1,0,0,3,0,0,0,0,5,0,0,0,0,1
"S.12.2010.Sp",0,1,0,0,0,2,0,0,0,0,0,0,0,0,0,0,4,0,0,1,0,6,0,0,0,0,0
"S.14.2010.Sp",5,0,0,0,0,0,0,0,0,0,0,0,0,0,0,0,0,0,0,0,0,0,0,0,4,0,5
"B.15.2010.Sp",0,0,0,2,0,0,0,0,0,0,0,4,1,0,0,0,4,0,0,0,0,2,0,0,0,0,0
"B.17.2010.Sp",0,0,0,0,0,0,0,0,2,3,1,0,0,0,0,0,0,0,0,0,0,1,0,0,0,0,2
"G.18.2010.Sp",0,0,0,1,0,0,0,0,0,0,1,0,0,0,0,0,3,0,0,1,0,1,0,0,0,0,0
"G.19.2010.Sp",0,0,0,0,0,0,0,0,0,0,0,0,0,0,0,0,2,0,0,0,0,2,0,0,0,0,0
"B.20.2010.Sp",0,0,0,0,0,0,0,1,0,0,0,0,0,0,0,0,22,0,0,0,0,1,0,0,0,0,0
"N.22.2010.Sp",0,0,0,0,0,1,0,0,0,0,0,0,0,14,0,0,0,6,0,0,0,0,0,0,5,0,0
"G.23.2010.Sp",0,0,0,0,0,0,0,0,0,1,0,0,0,1,0,0,6,0,0,3,0,2,0,0,0,0,1
"S.25.2010.Sp",0,0,0,0,0,0,0,0,0,0,0,0,0,0,0,0,20,0,0,8,0,0,0,0,0,0,0
"S.27.2010.Sp",2,0,0,0,0,0,0,0,0,0,0,0,0,0,0,0,12,0,0,0,0,1,0,0,0,0,0
"G.30.2010.Sp",0,0,0,0,0,0,0,0,0,0,0,0,0,0,0,0,13,0,0,3,0,4,0,0,0,0,1
"G.32.2010.Sp",0,0,0,6,0,0,0,0,0,0,0,0,0,0,0,0,0,0,0,0,0,0,0,0,0,0,0
"G.33.2010.Sp",0,0,0,0,0,0,0,0,0,0,0,0,0,0,0,0,10,0,0,1,0,0,0,0,0,0,0
"G.34.2010.Sp",0,0,0,0,0,0,0,0,0,0,0,0,0,0,0,0,3,0,0,0,0,0,0,1,0,0,0
"G.36.2010.Sp",0,0,0,4,0,0,0,0,0,0,0,0,0,6,0,0,15,0,0,0,2,1,0,0,0,0,1
"G.39.2010.Sp",0,0,0,0,0,0,0,0,0,0,0,0,0,0,0,0,5,0,0,0,0,4,0,0,0,0,0
"N.40.2010.Sp",0,0,0,0,0,0,0,0,0,0,0,0,0,0,0,0,0,0,0,0,0,32,0,0,0,0,0
"O.41.2010.Sp",0,0,0,0,0,0,0,0,0,0,0,0,0,2,4,0,3,13,0,0,0,0,0,0,0,0,1
"N.42.2010.Sp",4,0,0,0,0,0,0,0,0,0,0,0,0,7,0,0,5,0,0,0,0,51,0,0,0,0,2
"B.43.2010.Sp",0,0,0,0,0,0,0,0,0,0,0,0,0,0,0,0,1,0,0,6,0,1,0,0,0,0,0
"S.45.2010.Sp",0,0,0,0,0,0,0,0,0,0,0,0,0,0,0,0,0,0,0,0,0,1,0,0,0,6,0
"B.46.2010.Sp",0,0,0,7,0,0,0,1,0,0,0,0,0,1,0,0,0,0,0,5,0,0,0,0,0,0,0
"O.48.2010.Sp",0,0,0,0,0,0,0,0,0,0,0,0,0,9,0,0,0,0,0,0,0,1,0,0,0,4,0
"S.49.2010.Sp",0,0,0,0,0,0,0,0,0,0,0,0,0,14,0,0,10,0,0,0,0,0,0,0,0,0,3
"N.1.2010.Su",0,0,0,0,0,0,0,0,0,0,0,0,0,0,0,0,0,0,0,26,0,0,5,0,3,0,0
"B.3.2010.Su",0,0,0,0,0,0,1,0,2,0,0,0,2,8,0,0,0,0,0,6,0,0,1,0,6,0,6
"S.4.2010.Su",0,0,0,0,0,0,0,0,0,0,0,0,3,0,0,0,0,0,0,0,0,1,0,0,4,0,0
"B.5.2010.Su",0,0,0,0,0,0,0,0,0,0,0,0,1,27,0,0,0,0,0,4,0,4,0,0,0,0,1
"G.6.2010.Su",0,0,0,0,0,0,0,0,0,1,0,0,0,23,0,0,0,0,0,4,0,8,0,0,0,0,2
"G.7.2010.Su",0,0,0,2,8,0,0,0,0,0,0,0,0,8,12,0,0,7,0,2,0,1,0,0,0,0,13
"G.8.2010.Su",0,0,0,0,3,0,0,0,0,0,0,0,0,0,1,0,0,1,0,0,0,0,0,0,0,0,0
"G.9.2010.Su",0,0,0,0,0,0,0,0,0,0,0,0,0,1,0,0,0,0,0,5,0,1,0,0,0,0,0
"N.26.2010.Su",0,0,0,0,0,0,0,0,0,0,0,0,0,0,0,0,0,0,0,1,0,39,0,0,5,0,0
"B.28.2010.Su",0,0,0,0,0,0,0,0,1,0,0,0,3,0,0,0,0,0,0,5,0,7,0,1,0,0,0
"S.29.2010.Su",0,0,0,0,0,0,0,1,0,0,0,0,14,0,0,0,0,0,0,2,0,10,1,0,19,0,0
"G.31.2010.Su",0,0,0,0,0,0,0,0,0,0,0,0,9,0,0,0,0,0,0,3,0,7,0,2,0,0,0
"B.35.2010.Su",0,0,0,0,0,0,0,1,1,0,1,0,14,1,0,0,0,2,0,5,0,2,0,0,1,0,2
"B.10.2010.Su",1,0,0,0,0,0,0,2,7,0,0,0,5,30,0,0,0,3,0,7,0,10,0,0,0,1,10
"O.11.2010.Su",0,0,0,0,0,0,0,0,0,0,0,0,2,0,0,0,0,0,0,2,0,5,0,0,14,0,1
"S.12.2010.Su",1,10,0,0,0,6,0,0,0,0,0,0,1,1,0,0,0,5,0,0,0,3,0,0,7,0,20
"B.13.2010.Su",0,0,0,0,0,0,0,0,1,1,6,0,32,16,0,0,0,0,0,7,0,1,0,0,0,0,0
"S.14.2010.Su",0,0,0,0,0,17,0,0,0,0,0,0,3,1,1,0,0,0,0,5,0,0,0,0,29,0,2
"B.15.2010.Su",0,0,0,0,0,0,0,1,0,11,0,2,30,15,0,0,0,0,0,1,0,3,0,2,0,0,0
"S.16.2010.Su",5,0,0,0,0,0,0,0,0,0,0,0,0,0,0,0,0,0,0,6,0,8,0,0,28,0,2
"B.17.2010.Su",1,0,0,0,0,0,0,0,5,0,1,0,17,3,0,0,0,2,0,0,0,0,0,0,0,0,12
"G.18.2010.Su",0,0,0,2,0,0,0,4,0,0,6,0,23,0,0,0,0,11,0,4,0,1,0,0,0,0,0
"G.19.2010.Su",0,0,0,0,0,0,1,0,0,0,0,0,20,0,0,0,0,0,0,8,0,9,0,0,0,0,0
"B.20.2010.Su",0,0,0,0,0,0,0,3,0,0,1,1,17,2,0,0,0,0,0,0,0,3,0,1,0,0,1
"N.22.2010.Su",0,0,0,0,0,36,0,0,0,0,0,0,1,0,1,0,0,4,0,0,0,0,9,0,71,0,9
"G.23.2010.Su",0,0,0,0,0,0,0,2,0,0,0,0,14,0,0,0,0,10,0,3,0,1,0,1,0,0,0
"S.24.2010.Su",0,0,0,0,0,0,0,0,0,0,0,0,0,0,0,0,0,0,0,7,0,11,0,0,0,0,0
"S.25.2010.Su",1,0,0,0,0,0,0,0,0,0,0,0,0,0,0,0,0,0,0,1,0,0,2,0,0,0,0
"S.27.2010.Su",6,0,0,0,0,0,0,0,0,0,0,0,1,2,0,0,0,6,1,40,0,10,0,0,5,0,0
"G.30.2010.Su",0,0,0,1,0,0,0,0,0,0,0,0,3,0,2,0,0,11,0,1,0,5,0,0,0,0,4
"G.32.2010.Su",0,0,0,13,0,0,0,0,0,0,0,0,18,5,0,0,0,11,0,0,0,1,0,1,0,0,5
"G.33.2010.Su",0,0,0,1,0,0,3,0,0,5,0,0,5,0,0,0,0,1,0,8,0,8,0,0,6,0,0
"G.34.2010.Su",0,0,0,2,0,0,0,0,0,0,1,0,8,0,0,0,0,0,0,2,0,0,0,0,0,0,0
"G.36.2010.Su",0,0,0,0,0,0,0,0,0,0,0,0,3,0,0,0,0,0,0,5,0,1,0,0,0,0,0
"B.38.2010.Su",1,0,0,1,0,0,0,1,0,0,0,0,7,8,0,0,0,7,0,6,0,3,0,1,0,0,1
"G.39.2010.Su",0,0,0,0,0,0,0,0,0,0,0,0,15,21,0,0,0,2,0,3,0,11,0,0,0,0,4
"N.40.2010.Su",0,0,0,0,0,0,0,0,0,0,0,0,0,0,0,0,0,0,0,3,0,38,0,0,0,0,0
"O.41.2010.Su",4,4,0,0,0,0,0,0,0,0,0,0,0,2,19,0,0,9,0,8,0,2,0,0,2,0,46
"N.42.2010.Su",3,0,0,0,0,0,0,0,0,0,0,0,0,28,0,0,0,0,0,0,0,35,0,0,0,0,0
"B.43.2010.Su",0,0,0,1,0,0,0,1,0,0,0,0,2,0,0,0,0,9,0,13,0,2,0,0,1,0,0
"G.44.2010.Su",0,0,0,0,0,0,0,0,0,0,0,0,1,1,0,0,0,2,0,2,0,1,0,0,0,0,0
"S.45.2010.Su",0,0,0,0,0,0,0,0,0,0,0,0,0,44,0,0,0,0,0,0,0,5,0,0,0,2,0
"B.46.2010.Su",0,0,0,3,0,0,0,0,0,0,0,0,6,4,1,0,0,22,0,0,0,0,0,0,0,0,5
"B.47.2010.Su",0,0,0,4,0,0,1,9,1,1,0,0,15,1,0,0,0,1,0,0,0,0,0,0,0,0,3
"O.48.2010.Su",0,0,0,0,0,0,0,0,0,0,0,0,0,3,0,0,0,0,0,0,0,2,0,0,0,0,0
"S.49.2010.Su",0,0,0,0,0,0,0,0,0,0,0,0,0,129,0,0,0,18,0,3,0,11,0,0,0,8,6
"N.1.2010.F",1,0,0,0,0,0,0,0,0,0,0,0,0,0,0,0,0,0,0,45,0,0,0,0,4,0,0
"S.2.2010.F",0,0,0,0,0,0,0,0,0,0,0,0,0,0,0,0,0,0,0,2,0,0,0,0,5,0,0
"B.3.2010.F",1,0,0,14,0,0,5,1,0,0,0,0,8,6,0,0,2,0,0,26,0,0,0,0,4,0,13
"S.4.2010.F",0,0,0,0,0,0,0,0,0,0,0,0,4,0,0,0,0,0,0,1,0,1,0,0,1,0,0
"B.5.2010.F",0,0,0,0,0,0,1,0,0,0,0,0,23,27,0,0,3,0,0,17,0,19,0,0,0,0,0
"G.6.2010.F",0,0,0,1,0,0,0,0,0,0,0,0,0,27,0,0,0,0,0,2,0,3,0,0,0,0,1
"G.7.2010.F",0,0,0,3,0,0,0,0,0,0,0,0,0,29,13,0,0,13,0,24,0,0,0,0,0,0,13
"G.8.2010.F",0,0,0,1,4,0,0,0,0,0,0,0,0,0,1,0,0,0,0,4,0,1,0,0,0,0,0
"G.9.2010.F",0,0,0,0,0,0,1,0,0,0,0,0,0,2,0,0,0,0,0,7,0,3,0,0,0,0,0
"N.26.2010.F",10,0,0,0,0,0,0,0,0,0,0,0,0,0,0,0,1,0,0,4,0,18,0,0,2,0,0
"B.28.2010.F",2,0,0,0,0,0,0,0,0,0,0,0,2,6,0,0,0,0,0,11,0,0,0,0,1,0,2
"S.29.2010.F",0,0,0,0,0,0,0,0,0,0,0,0,16,0,0,0,8,0,0,4,0,5,0,0,17,0,3
"G.31.2010.F",0,0,0,0,0,0,0,0,0,0,0,0,8,0,0,0,0,0,0,31,0,13,0,2,0,0,0
"B.35.2010.F",0,0,0,8,1,0,3,0,0,0,1,0,13,0,0,0,2,3,0,5,0,5,0,2,0,0,5
"B.10.2010.F",2,0,0,8,0,0,0,4,1,0,0,0,11,81,0,0,0,2,0,40,0,12,0,0,0,0,7
"O.11.2010.F",0,0,0,0,0,0,0,0,0,0,0,0,4,0,0,0,0,0,0,9,0,0,0,0,33,0,2
"S.12.2010.F",1,2,0,0,0,4,0,0,0,0,0,0,0,19,0,0,1,0,0,5,0,1,0,0,4,0,39
"B.13.2010.F",7,0,0,6,0,0,4,0,0,1,3,0,18,10,0,0,1,1,0,4,0,0,0,0,0,0,1
"S.14.2010.F",2,0,0,0,0,0,0,0,0,0,0,0,1,0,0,0,0,0,0,19,0,0,0,0,33,0,4
"B.15.2010.F",0,0,0,32,1,0,1,0,0,0,0,7,30,9,0,0,1,0,0,4,0,1,0,0,0,0,0
"S.16.2010.F",0,0,0,0,0,0,0,0,0,0,0,0,0,0,0,0,0,0,0,13,0,0,0,0,57,0,0
"B.17.2010.F",6,0,0,44,0,0,0,0,0,0,0,9,98,3,0,0,0,10,0,9,0,2,0,0,0,0,0
"G.18.2010.F",0,0,0,3,0,0,7,0,0,0,3,0,18,0,0,0,1,7,0,12,0,0,0,0,0,0,0
"G.19.2010.F",0,0,0,1,0,0,19,0,0,0,0,0,19,7,0,0,5,3,0,15,0,14,0,0,0,0,1
"B.20.2010.F",0,0,0,26,0,0,29,1,0,0,3,0,30,1,0,0,3,0,0,17,0,1,0,0,2,0,0
"N.22.2010.F",0,0,0,0,0,1,0,0,0,0,0,0,1,0,0,0,0,0,0,30,0,0,0,0,97,0,17
"G.23.2010.F",0,0,0,4,0,0,8,0,0,0,0,0,14,4,0,0,2,2,0,5,0,0,0,0,0,0,3
"S.25.2010.F",0,0,0,0,0,0,0,0,0,0,0,0,0,3,0,0,1,0,0,0,0,4,0,0,0,0,0
"S.27.2010.F",28,0,0,0,0,0,0,0,0,0,0,0,0,2,0,0,0,2,0,12,0,5,0,0,5,0,3
"G.30.2010.F",2,0,0,0,0,0,2,0,0,0,0,0,5,34,2,0,4,3,0,3,0,15,0,0,0,0,4
"G.32.2010.F",1,0,0,72,0,0,2,0,0,0,0,0,24,18,0,0,0,5,0,5,0,3,0,0,0,0,4
"G.33.2010.F",0,0,0,7,0,0,9,0,0,0,0,0,11,0,0,0,0,0,0,3,0,0,0,0,0,0,1
"G.34.2010.F",0,0,0,6,0,0,1,0,0,0,0,1,15,1,0,0,0,1,0,13,0,1,0,2,0,0,0
"G.36.2010.F",0,0,0,2,0,0,1,0,0,0,0,0,3,9,0,0,0,0,0,2,0,8,0,0,0,0,0
"B.38.2010.F",4,0,0,19,0,0,0,1,0,0,0,0,5,26,0,0,1,5,0,4,0,2,0,0,0,0,6
"G.39.2010.F",0,0,0,8,0,0,0,0,0,0,0,0,17,20,0,0,5,0,0,11,0,11,0,0,0,0,0
"N.40.2010.F",0,0,0,0,0,0,0,0,0,0,0,0,0,0,0,0,0,0,0,53,0,66,0,0,0,0,0
"O.41.2010.F",0,1,0,0,0,0,0,0,0,0,0,0,0,1,0,0,0,1,0,6,0,0,0,0,1,0,10
"N.42.2010.F",14,0,0,0,0,0,0,0,0,0,0,0,0,56,0,0,3,0,0,0,0,49,0,0,0,0,4
"B.43.2010.F",0,0,0,10,0,0,1,0,0,0,0,0,0,2,0,0,3,0,0,13,0,3,0,0,0,0,0
"G.44.2010.F",0,0,0,2,0,0,2,0,0,0,0,0,5,0,0,0,0,3,0,3,0,1,0,0,0,0,0
"S.45.2010.F",0,0,0,0,0,0,0,0,0,0,0,0,0,14,0,0,0,0,0,0,0,0,0,0,0,11,0
"B.46.2010.F",0,0,0,19,0,0,0,0,1,0,0,0,4,2,0,0,0,9,0,2,0,0,0,0,0,0,1
"B.47.2010.F",0,0,0,20,0,0,11,0,0,0,2,0,11,4,0,0,0,3,0,15,0,0,0,0,1,0,1
"O.48.2010.F",0,0,0,0,0,0,0,0,0,0,0,0,0,15,0,0,3,0,0,0,0,0,0,0,0,6,0
"S.49.2010.F",2,0,0,0,0,0,0,0,0,0,0,0,0,8,0,0,0,3,0,0,0,14,0,0,0,0,3
"N.1.2011.W",0,0,0,0,0,0,0,0,0,0,0,0,0,0,0,0,0,0,0,23,0,1,0,0,5,0,0
"B.3.2011.W",3,0,0,27,0,0,0,0,19,0,0,0,7,4,0,0,28,0,0,38,0,0,0,0,0,0,1
"S.4.2011.W",0,0,0,0,0,0,0,0,0,0,0,0,14,0,0,0,6,0,0,6,0,0,0,0,2,0,0
"B.5.2011.W",0,0,0,1,0,0,0,0,0,0,0,0,25,6,0,0,6,0,0,8,0,19,0,0,0,0,0
"G.6.2011.W",0,0,0,0,0,0,0,0,0,0,0,0,0,23,0,0,3,0,0,5,0,2,0,0,0,0,0
"G.7.2011.W",0,0,0,1,0,0,0,0,0,0,0,0,2,0,0,0,0,2,0,1,0,0,0,0,0,0,0
"G.9.2011.W",0,0,0,1,0,0,0,0,0,0,0,0,0,2,0,0,1,0,0,3,0,2,0,0,0,0,0
"N.26.2011.W",6,0,0,0,0,0,0,0,0,0,0,0,0,0,0,0,3,0,0,4,0,20,0,1,4,0,0
"B.28.2011.W",3,0,0,0,0,0,0,0,10,0,0,0,3,5,0,0,61,0,0,5,0,11,0,0,3,0,0
"S.29.2011.W",0,0,0,0,0,0,0,0,0,0,0,0,3,0,0,0,0,0,0,8,0,3,0,0,8,0,0
"G.31.2011.W",0,0,0,0,0,0,0,0,0,0,0,0,6,0,0,0,0,0,0,9,0,3,0,1,0,0,0
"B.35.2011.W",1,0,0,7,0,0,3,0,0,0,2,1,2,1,0,0,6,3,0,6,0,2,0,0,0,0,0
"B.10.2011.W",3,0,0,3,0,0,0,12,6,0,0,0,3,21,0,0,12,0,1,9,0,9,0,0,0,0,0
"O.11.2011.W",0,0,0,0,0,0,10,0,0,0,0,0,3,0,0,0,0,0,0,5,0,0,0,0,33,0,12
"S.12.2011.W",0,4,0,0,0,28,0,0,0,0,0,0,0,3,0,0,0,0,0,4,0,3,0,0,8,0,11
"B.13.2011.W",0,0,0,2,0,0,7,1,0,0,0,0,13,0,0,0,5,2,0,11,0,1,0,0,0,0,0
"S.14.2011.W",0,0,0,0,0,2,1,0,0,0,0,0,0,0,0,0,0,0,0,2,0,0,0,0,25,0,0
"B.15.2011.W",0,0,0,12,0,0,3,0,0,3,0,6,22,2,0,0,4,0,0,0,0,0,0,0,0,0,0
"S.16.2011.W",0,0,0,0,0,0,0,0,0,0,0,0,0,0,0,0,0,0,0,3,0,0,0,0,43,0,0
"B.17.2011.W",1,0,0,39,0,0,20,0,19,5,0,10,36,0,0,0,7,3,0,14,0,0,0,0,0,0,0
"G.18.2011.W",0,0,0,2,0,0,8,1,0,0,7,0,4,0,0,0,2,13,0,11,0,0,0,0,6,0,0
"G.19.2011.W",0,0,0,1,0,0,8,0,0,0,0,0,9,0,0,0,4,0,0,4,0,2,0,0,0,0,0
"B.20.2011.W",1,0,0,2,0,0,15,0,3,0,0,1,11,2,0,0,4,0,0,3,0,0,0,2,0,0,0
"N.22.2011.W",0,0,0,0,0,7,0,0,0,0,0,0,0,0,0,0,0,1,0,20,0,0,0,0,52,0,5
"G.23.2011.W",0,0,0,1,0,0,10,1,0,0,1,0,4,0,0,0,0,5,0,4,0,0,0,0,1,0,0
"S.25.2011.W",0,0,0,0,0,0,0,0,0,0,0,0,0,0,0,0,0,0,0,1,0,2,0,0,0,0,0
"S.27.2011.W",1,0,0,0,0,0,0,0,0,0,0,0,0,0,0,0,0,1,0,2,0,0,0,0,0,0,0
"G.30.2011.W",1,0,0,0,0,0,1,0,0,0,0,0,0,14,0,0,9,3,0,2,0,2,0,0,0,0,0
"G.32.2011.W",0,0,0,25,0,0,7,0,0,0,0,0,16,6,0,0,10,3,0,0,0,0,0,0,0,0,0
"G.33.2011.W",0,0,0,5,0,0,5,0,0,1,0,0,10,1,0,0,0,2,0,1,0,2,0,0,0,0,0
"G.34.2011.W",0,0,0,0,0,0,1,0,0,0,2,0,2,0,0,0,0,0,0,2,0,0,0,0,0,0,0
"G.36.2011.W",0,0,0,2,0,0,0,0,0,0,0,0,2,0,0,0,0,0,0,1,0,4,0,0,0,0,0
"B.38.2011.W",0,0,0,9,0,0,3,0,0,0,0,0,0,1,0,0,2,3,0,6,1,2,0,0,0,0,1
"G.39.2011.W",0,0,0,0,0,0,0,0,0,0,0,0,8,5,0,0,16,0,0,18,0,5,0,0,0,0,0
"N.40.2011.W",0,0,0,0,0,0,0,0,0,0,0,0,0,0,0,0,0,0,0,39,0,102,0,0,0,0,0
"O.41.2011.W",0,0,0,0,0,0,0,0,0,0,0,0,0,0,0,0,0,1,0,3,0,0,0,0,2,0,1
"N.42.2011.W",10,0,0,0,0,0,0,0,0,0,0,0,0,34,0,0,35,0,0,5,0,27,0,0,0,0,3
"B.43.2011.W",0,0,0,4,0,0,1,0,0,0,0,0,1,1,0,0,15,3,0,6,0,0,0,0,0,0,0
"G.44.2011.W",0,0,0,0,0,0,3,0,0,0,0,0,1,0,0,0,1,0,0,1,0,0,0,0,0,0,0
"S.45.2011.W",0,0,0,0,0,0,0,0,0,0,0,0,0,5,0,0,0,0,0,1,0,1,0,0,0,2,0
"B.46.2011.W",0,0,0,27,0,0,3,5,3,0,0,0,1,1,0,0,4,3,0,6,0,0,0,0,0,0,0
"B.47.2011.W",0,0,0,1,0,0,14,0,0,1,3,0,0,2,0,0,0,3,0,5,0,0,0,0,0,0,0
"O.48.2011.W",0,0,0,0,0,0,0,0,0,0,0,0,0,29,0,0,3,0,0,1,0,12,0,0,0,5,0
"S.49.2011.W",0,0,0,0,0,0,0,0,0,0,0,0,0,1,0,0,2,0,0,0,0,2,0,0,0,0,2
"B.3.2011.Sp",0,0,0,14,1,0,1,1,0,2,0,0,0,1,0,0,12,0,0,5,0,1,0,0,0,0,0
"S.4.2011.Sp",0,0,0,0,0,0,0,0,0,0,0,0,0,0,0,0,0,0,0,5,0,0,0,0,0,0,0
"B.5.2011.Sp",0,0,0,0,0,0,0,0,0,0,0,0,0,4,0,0,0,0,0,3,0,28,0,0,0,0,0
"G.6.2011.Sp",0,0,0,0,0,0,0,0,0,0,0,0,0,6,0,0,1,0,0,1,0,0,0,0,0,0,0
"G.7.2011.Sp",0,0,0,0,0,0,0,0,0,0,0,0,0,1,0,0,0,5,0,0,0,0,0,0,0,0,0
"G.8.2011.Sp",0,0,0,0,3,0,0,0,0,0,0,0,0,0,1,0,0,0,0,0,0,0,0,0,0,0,0
"G.9.2011.Sp",0,0,0,2,0,0,0,0,0,0,0,0,0,0,0,0,0,0,0,0,0,4,0,0,0,0,0
"N.26.2011.Sp",0,0,0,0,0,0,0,0,0,0,0,0,0,0,0,0,0,0,0,5,0,19,0,0,1,0,0
"B.28.2011.Sp",1,0,0,0,0,0,0,1,2,0,0,0,0,4,0,0,16,0,0,5,0,51,0,0,0,0,0
"S.29.2011.Sp",0,0,0,0,0,0,0,0,0,0,0,0,0,0,0,0,0,0,0,8,0,13,0,0,2,0,1
"G.31.2011.Sp",0,0,0,0,0,0,0,0,0,0,0,0,0,0,0,0,0,0,0,1,0,7,0,3,0,0,0
"B.35.2011.Sp",0,0,0,7,0,0,0,0,0,0,0,0,1,0,0,0,2,0,0,1,0,6,0,0,0,0,0
"B.10.2011.Sp",0,0,0,3,0,0,0,1,2,0,0,0,0,11,0,0,3,0,0,4,0,7,0,0,0,0,0
"O.11.2011.Sp",0,0,0,0,0,0,0,0,0,0,0,0,0,0,0,0,0,0,0,2,0,1,0,0,10,0,1
"S.12.2011.Sp",1,0,0,0,0,52,0,0,0,0,0,0,0,2,0,0,0,0,0,3,0,80,0,0,0,0,7
"B.13.2011.Sp",0,0,0,1,0,0,0,0,0,0,2,0,2,0,0,0,7,0,0,7,0,15,0,0,0,0,0
"S.14.2011.Sp",0,0,0,0,0,0,0,0,0,0,0,0,0,0,0,0,21,0,0,6,0,0,0,0,3,0,0
"B.15.2011.Sp",0,0,0,15,0,0,0,0,0,0,0,4,2,1,0,0,4,0,0,4,0,9,0,0,0,0,0
"S.16.2011.Sp",0,0,0,0,0,0,0,0,0,0,0,0,0,0,0,0,0,0,0,7,0,0,0,0,22,0,0
"B.17.2011.Sp",1,0,0,36,0,0,0,0,0,2,1,11,0,0,0,0,3,0,0,14,0,12,0,0,1,0,0
"G.18.2011.Sp",0,0,0,6,0,0,0,0,0,0,1,0,3,0,0,0,2,0,0,5,0,0,0,0,0,0,0
"G.19.2011.Sp",0,0,0,0,0,0,1,0,0,0,0,0,0,0,0,0,1,0,0,3,0,11,0,0,0,0,0
"B.20.2011.Sp",0,0,0,3,0,0,0,0,0,0,0,0,0,4,0,0,1,0,0,5,0,2,0,0,0,0,0
"N.22.2011.Sp",0,0,0,0,0,0,0,0,0,0,0,0,0,0,0,0,0,0,0,8,0,0,0,0,39,0,1
"G.23.2011.Sp",0,0,0,3,0,0,0,0,0,0,0,0,0,1,0,0,11,0,0,4,0,0,0,0,1,0,0
"S.27.2011.Sp",0,0,0,0,0,0,0,0,0,0,0,0,0,0,0,1,0,0,0,5,0,0,0,0,0,0,0
"G.30.2011.Sp",0,0,0,0,0,0,0,0,0,0,0,0,0,4,0,0,1,0,0,0,0,1,0,0,0,0,0
"G.32.2011.Sp",0,0,0,31,0,0,0,0,0,0,0,0,0,1,0,0,0,0,0,1,1,5,0,0,0,0,0
"G.33.2011.Sp",0,0,0,1,0,0,0,0,0,0,0,0,0,0,0,0,0,0,0,1,0,2,0,0,1,0,0
"G.34.2011.Sp",0,0,0,2,0,0,0,0,0,0,0,0,0,0,0,0,3,0,0,7,0,2,0,3,0,0,0
"G.36.2011.Sp",0,0,0,3,0,0,0,0,0,0,0,0,0,0,0,0,0,0,0,0,0,4,0,0,0,0,0
"B.38.2011.Sp",0,0,0,4,1,0,0,0,0,0,1,0,0,1,0,0,1,0,0,2,0,1,0,0,0,0,2
"G.39.2011.Sp",0,0,0,0,0,0,0,0,0,0,0,0,0,5,0,0,2,0,0,2,0,7,0,0,0,0,0
"N.40.2011.Sp",0,0,0,0,0,0,0,0,0,0,0,0,0,0,0,0,0,0,0,26,0,121,0,0,0,0,0
"O.41.2011.Sp",0,0,0,0,0,0,0,0,0,0,0,0,0,0,0,0,0,0,0,7,0,0,0,0,0,0,0
"N.42.2011.Sp",1,0,0,0,0,0,0,0,0,0,0,0,0,25,0,0,23,0,0,0,0,54,0,0,0,0,2
"B.43.2011.Sp",0,0,0,2,0,0,0,0,0,0,0,0,0,0,0,0,0,0,0,11,0,3,0,0,0,0,0
"G.44.2011.Sp",0,0,0,1,0,0,0,0,0,0,0,0,0,0,0,0,0,0,0,0,0,3,0,0,0,0,0
"S.45.2011.Sp",0,0,0,0,0,0,0,0,0,0,0,0,0,6,0,0,0,0,0,0,0,0,0,0,0,9,0
"B.46.2011.Sp",0,0,0,6,0,0,0,3,0,0,0,0,0,5,0,0,3,0,0,4,0,2,0,0,0,0,1
"B.47.2011.Sp",0,0,0,6,0,0,2,0,0,0,0,0,1,0,0,0,0,0,0,8,0,0,0,0,0,0,0
"O.48.2011.Sp",0,0,0,0,0,0,0,0,0,0,0,0,0,18,0,0,0,0,0,0,0,7,0,0,0,6,0
"S.49.2011.Sp",7,0,0,0,0,0,0,0,0,0,0,0,0,0,0,0,20,0,0,2,0,1,0,0,0,0,0
"S.2.2011.Su",0,0,0,0,0,0,0,0,0,0,0,0,0,0,0,0,0,0,0,0,0,0,8,0,0,0,0
"B.3.2011.Su",0,0,0,2,0,0,0,0,1,0,0,0,2,4,0,0,3,12,0,15,0,0,0,0,0,0,1
"S.4.2011.Su",0,0,0,0,0,0,0,0,0,0,0,0,2,0,0,0,0,0,0,0,0,0,4,0,1,0,0
"B.5.2011.Su",0,0,0,0,0,0,0,0,0,0,0,0,15,8,0,0,0,5,0,5,0,3,0,0,5,0,4
"G.6.2011.Su",0,0,0,0,0,0,0,0,0,0,0,0,8,2,0,0,2,1,0,1,0,3,0,0,0,0,0
"G.7.2011.Su",0,0,0,1,0,0,0,0,0,0,0,0,0,3,0,0,0,2,0,4,0,1,0,0,0,0,9
"G.8.2011.Su",0,0,0,0,8,0,0,0,0,0,0,0,0,6,0,0,1,2,0,0,0,0,0,0,0,0,0
"G.9.2011.Su",0,0,0,0,0,0,0,0,0,0,0,0,0,0,0,0,1,0,0,5,0,3,0,0,0,0,0
"N.26.2011.Su",0,0,0,0,0,0,0,0,0,0,0,0,0,0,0,0,0,0,0,0,0,5,0,1,13,0,0
"B.28.2011.Su",0,0,0,0,0,0,0,3,1,0,0,0,2,18,0,0,35,0,0,0,0,31,0,0,2,0,2
"S.29.2011.Su",0,0,0,0,0,0,0,0,0,0,0,0,1,0,0,0,0,0,0,0,0,8,0,0,22,0,5
"G.31.2011.Su",0,0,0,0,0,0,0,0,0,0,0,0,2,1,0,0,0,0,0,8,0,14,0,1,0,0,0
"B.35.2011.Su",0,0,0,0,0,0,0,0,0,0,2,0,8,0,0,0,3,17,0,0,0,3,0,0,13,0,0
"B.10.2011.Su",0,0,0,0,0,0,0,2,7,0,0,0,13,23,0,0,2,8,0,4,0,1,0,0,29,0,5
"O.11.2011.Su",0,0,0,0,0,0,0,0,0,0,0,0,0,4,0,0,0,0,0,0,0,6,0,0,45,0,1
"S.12.2011.Su",1,4,0,0,0,20,0,0,0,0,0,0,0,3,0,0,0,0,0,0,0,20,0,0,41,0,5
"B.13.2011.Su",0,0,0,0,0,0,0,0,0,0,1,2,12,0,0,0,0,4,0,2,0,0,0,0,5,0,0
"S.14.2011.Su",0,0,0,0,0,22,0,0,0,0,0,0,0,0,0,0,0,0,0,0,0,0,0,0,10,0,0
"B.15.2011.Su",0,0,0,0,0,0,0,0,0,0,0,1,18,3,0,0,0,4,0,0,0,0,0,0,0,0,0
"S.16.2011.Su",0,0,0,0,0,0,0,0,0,0,0,0,0,0,0,0,0,0,0,0,0,1,0,0,141,0,0
"B.17.2011.Su",0,0,0,0,0,0,0,0,0,1,0,0,63,0,0,0,0,17,0,4,0,0,0,1,18,0,0
"G.18.2011.Su",0,0,0,0,0,0,0,0,0,0,0,0,6,0,0,0,0,17,0,1,0,0,0,0,6,0,0
"G.19.2011.Su",0,0,0,0,0,0,0,0,0,0,0,1,20,3,0,0,2,4,0,4,0,1,0,0,0,0,0
"B.20.2011.Su",0,0,0,1,0,0,1,1,0,0,2,0,24,0,0,0,3,6,0,0,0,0,0,0,0,0,0
"G.23.2011.Su",0,0,0,0,0,0,0,1,0,0,0,0,6,2,0,0,4,27,0,3,0,4,0,0,0,0,2
"S.27.2011.Su",0,0,0,0,0,0,0,0,0,0,0,0,0,5,0,0,1,17,0,42,0,0,0,0,33,0,0
"G.30.2011.Su",0,0,0,0,0,0,0,0,0,0,0,0,1,4,0,0,5,25,0,0,0,3,0,0,0,0,1
"G.32.2011.Su",0,0,0,4,0,0,0,0,0,1,0,0,4,4,0,0,0,24,0,1,0,5,0,0,0,0,0
"G.33.2011.Su",0,0,0,0,0,0,0,0,0,0,0,0,20,2,0,0,0,1,0,0,0,1,0,0,0,0,0
"G.34.2011.Su",0,0,0,0,0,0,0,0,0,0,0,0,35,0,0,0,0,0,0,0,0,0,0,0,0,0,0
"G.36.2011.Su",0,0,0,0,0,0,0,0,0,0,0,0,4,0,0,0,0,0,0,0,0,3,0,0,0,0,0
"B.38.2011.Su",0,0,0,1,0,0,0,0,0,0,0,0,6,10,0,0,1,14,0,0,0,0,0,0,0,0,2
"G.39.2011.Su",0,0,0,0,0,0,0,0,0,0,0,0,0,6,0,0,3,7,0,2,0,8,0,0,0,0,1
"N.40.2011.Su",0,0,0,0,0,0,0,0,0,0,0,0,0,0,0,0,0,0,0,1,0,77,0,0,0,0,0
"N.42.2011.Su",0,0,0,0,0,0,0,0,0,0,0,0,0,44,0,0,4,0,0,0,0,21,0,0,0,0,1
"B.43.2011.Su",0,0,0,7,0,0,0,0,0,0,0,0,37,0,0,0,0,41,0,0,0,0,0,0,0,0,0
"G.44.2011.Su",0,0,0,0,0,0,0,0,0,0,0,0,3,3,0,0,0,3,0,1,0,4,0,0,4,0,0
"S.45.2011.Su",0,0,0,0,0,0,0,0,0,0,0,0,0,1,0,0,1,1,0,0,0,0,0,0,0,10,1
"B.46.2011.Su",0,0,0,2,0,0,0,3,1,0,0,0,2,2,0,0,1,10,0,0,0,1,0,0,0,0,4
"B.47.2011.Su",0,0,0,0,0,0,0,0,0,1,2,0,19,2,0,0,1,2,0,0,0,0,0,0,0,0,1
"O.48.2011.Su",0,0,0,0,0,0,0,0,0,0,0,0,0,6,0,0,0,0,0,0,0,3,0,0,0,8,0
"S.49.2011.Su",0,0,0,0,0,0,0,0,0,0,0,0,0,1,0,0,0,16,0,0,0,2,0,0,2,0,0
"B.3.2011.F",0,0,0,17,0,0,2,0,0,0,0,0,11,4,0,0,2,0,0,18,0,0,0,0,0,0,0
"S.4.2011.F",0,0,0,0,0,0,0,0,0,0,0,0,9,0,0,0,0,0,0,2,0,1,0,0,0,0,0
"B.5.2011.F",0,0,0,0,0,0,1,0,0,0,0,0,15,30,0,0,1,1,0,2,0,3,0,0,1,0,0
"G.6.2011.F",0,0,0,2,0,0,0,0,0,0,0,0,1,10,0,0,0,1,0,2,0,1,0,0,0,0,1
"G.7.2011.F",0,0,0,0,0,0,0,0,0,0,0,0,3,6,1,0,0,4,0,6,0,0,0,0,0,0,0
"G.9.2011.F",0,0,0,1,0,0,2,0,0,0,0,0,0,8,0,0,0,0,0,4,0,1,0,0,0,0,0
"N.26.2011.F",0,0,0,0,0,0,0,0,0,0,0,0,0,0,0,0,0,0,0,0,0,1,0,0,4,0,0
"B.28.2011.F",0,0,0,0,0,0,0,0,0,0,0,0,2,20,0,0,4,0,0,30,0,101,0,0,0,0,0
"G.31.2011.F",0,0,0,0,0,0,0,0,0,0,0,0,0,1,0,0,1,0,0,12,0,0,0,0,0,0,0
"B.35.2011.F",0,0,0,13,0,0,0,0,0,0,2,0,9,6,0,0,2,12,0,6,0,6,0,0,2,0,5
"B.10.2011.F",0,0,0,0,0,0,0,1,2,0,0,0,7,15,0,0,0,0,0,16,0,2,0,0,1,0,0
"S.12.2011.F",0,0,0,0,0,11,0,0,0,0,0,0,0,0,0,0,1,0,0,11,0,19,0,0,28,0,5
"B.13.2011.F",0,0,0,0,0,0,2,0,0,0,5,0,14,0,0,0,1,0,0,3,0,0,0,2,2,0,0
"B.15.2011.F",0,0,0,5,0,0,4,0,0,0,0,5,68,1,0,0,0,0,0,12,0,0,0,0,0,0,0
"B.17.2011.F",3,0,0,0,0,0,12,0,0,0,0,0,21,0,0,0,0,0,0,12,0,0,0,0,3,0,0
"G.18.2011.F",0,0,0,3,0,0,1,0,0,0,3,0,10,5,0,0,2,13,0,5,0,1,0,0,0,0,0
"G.19.2011.F",0,0,0,0,0,0,7,0,0,0,0,1,7,2,0,0,1,0,0,7,0,13,0,0,0,0,0
"B.20.2011.F",0,0,0,2,0,0,15,1,0,0,2,6,30,0,0,0,3,4,0,9,0,4,0,2,0,0,0
"G.23.2011.F",0,0,0,1,0,0,7,0,0,0,0,0,6,2,0,0,0,17,0,29,0,0,0,0,0,0,0
"G.30.2011.F",0,0,0,0,0,0,0,0,0,0,0,0,0,14,0,0,1,9,0,8,0,6,0,0,0,0,0
"G.32.2011.F",0,0,0,31,0,0,1,1,0,0,0,0,7,1,0,0,2,0,0,9,0,2,0,0,0,0,0
"G.33.2011.F",0,0,0,7,0,0,5,0,0,0,0,0,32,0,0,0,0,7,0,1,0,0,0,0,0,0,0
"G.34.2011.F",0,0,0,0,0,0,2,0,0,0,0,0,30,0,0,0,0,0,0,8,0,1,0,0,0,0,0
"G.36.2011.F",0,0,0,0,0,0,1,0,0,0,0,0,1,0,0,0,0,0,0,5,0,1,0,0,0,0,0
"B.38.2011.F",0,0,0,5,0,0,1,2,0,0,1,0,4,14,0,0,1,6,0,8,0,0,0,0,0,0,3
"G.39.2011.F",0,0,0,0,0,0,0,0,0,0,0,0,0,10,0,0,2,6,0,17,0,5,0,0,0,0,0
"N.42.2011.F",19,0,0,0,0,0,0,0,0,0,0,0,0,101,0,0,3,0,0,18,0,29,0,0,0,0,2
"B.43.2011.F",0,0,0,4,0,0,1,0,0,0,0,0,14,0,0,0,0,35,0,0,0,1,0,0,0,0,0
"G.44.2011.F",0,0,0,0,0,0,0,0,0,0,0,0,1,0,0,0,0,0,0,6,0,0,0,0,0,0,0
"S.45.2011.F",0,0,0,0,0,0,0,0,0,0,0,0,0,4,0,0,1,0,0,0,0,2,0,0,0,2,0
"B.46.2011.F",0,0,0,0,0,0,0,0,0,0,0,0,1,14,0,0,1,0,0,0,0,1,0,0,0,0,4
"B.47.2011.F",0,0,0,0,0,0,2,0,0,0,1,0,16,3,0,0,0,7,0,8,0,1,0,0,0,0,0
"O.48.2011.F",0,0,0,0,0,0,0,0,0,0,0,0,0,10,0,0,0,0,0,1,0,14,0,0,0,3,1
